Workbook
Name tabMain: RESULTS!$A$1:$JA$76

Sheet Leaderboard
A1: Rank | B1: Name | C1: Points | D1: Correct Scores | E1: Correct Results
A2: {=_xlfn.LET( _xlpm.names,TRANSPOSE(_xlfn.CHOOSECOLS(RESULTS!I76:ZZ76,_xlfn.SEQUENCE(1,85,1,3))), _xlpm.points,TRANSPOSE(_xlfn.CHOOSECOLS(RESULTS!I75:ZZ75,_xlfn.SEQUENCE(1,85,1,3))), _xlpm.table,_xlfn.HSTACK(_xlpm.names,_xlpm.points), _xlpm.filtered,_xlfn._xlws.FILTER(_xlpm.table,INDEX(_xlpm.table,,1)<>"Name"), _xlpm.sorted,_xlfn.SORTBY(_xlpm.filtered,INDEX(_xlpm.filtered,,2),-1), _xlfn.HSTACK(_xlfn.SEQUENCE(ROWS(_xlpm.sorted)),_xlpm.sorted) )} -> #VALUE! | D2: =IF(B2="","",COUNTIF(_xlfn.XLOOKUP(B2,RESULTS!$I$76:$ZZ$76,RESULTS!$I$3:$ZZ$74),3)) | E2: =IF(B2="","",COUNTIF(_xlfn.XLOOKUP(B2,RESULTS!$I$76:$ZZ$76,RESULTS!$I$3:$ZZ$74),1))
D3: =IF(B3="","",COUNTIF(_xlfn.XLOOKUP(B3,RESULTS!$I$76:$ZZ$76,RESULTS!$I$3:$ZZ$74),3)) | E3: =IF(B3="","",COUNTIF(_xlfn.XLOOKUP(B3,RESULTS!$I$76:$ZZ$76,RESULTS!$I$3:$ZZ$74),1))
D4: =IF(B4="","",COUNTIF(_xlfn.XLOOKUP(B4,RESULTS!$I$76:$ZZ$76,RESULTS!$I$3:$ZZ$74),3)) | E4: =IF(B4="","",COUNTIF(_xlfn.XLOOKUP(B4,RESULTS!$I$76:$ZZ$76,RESULTS!$I$3:$ZZ$74),1))
D5: =IF(B5="","",COUNTIF(_xlfn.XLOOKUP(B5,RESULTS!$I$76:$ZZ$76,RESULTS!$I$3:$ZZ$74),3)) | E5: =IF(B5="","",COUNTIF(_xlfn.XLOOKUP(B5,RESULTS!$I$76:$ZZ$76,RESULTS!$I$3:$ZZ$74),1))
D6: =IF(B6="","",COUNTIF(_xlfn.XLOOKUP(B6,RESULTS!$I$76:$ZZ$76,RESULTS!$I$3:$ZZ$74),3)) | E6: =IF(B6="","",COUNTIF(_xlfn.XLOOKUP(B6,RESULTS!$I$76:$ZZ$76,RESULTS!$I$3:$ZZ$74),1))
D7: =IF(B7="","",COUNTIF(_xlfn.XLOOKUP(B7,RESULTS!$I$76:$ZZ$76,RESULTS!$I$3:$ZZ$74),3)) | E7: =IF(B7="","",COUNTIF(_xlfn.XLOOKUP(B7,RESULTS!$I$76:$ZZ$76,RESULTS!$I$3:$ZZ$74),1))
D8: =IF(B8="","",COUNTIF(_xlfn.XLOOKUP(B8,RESULTS!$I$76:$ZZ$76,RESULTS!$I$3:$ZZ$74),3)) | E8: =IF(B8="","",COUNTIF(_xlfn.XLOOKUP(B8,RESULTS!$I$76:$ZZ$76,RESULTS!$I$3:$ZZ$74),1))
D9: =IF(B9="","",COUNTIF(_xlfn.XLOOKUP(B9,RESULTS!$I$76:$ZZ$76,RESULTS!$I$3:$ZZ$74),3)) | E9: =IF(B9="","",COUNTIF(_xlfn.XLOOKUP(B9,RESULTS!$I$76:$ZZ$76,RESULTS!$I$3:$ZZ$74),1))
D10: =IF(B10="","",COUNTIF(_xlfn.XLOOKUP(B10,RESULTS!$I$76:$ZZ$76,RESULTS!$I$3:$ZZ$74),3)) | E10: =IF(B10="","",COUNTIF(_xlfn.XLOOKUP(B10,RESULTS!$I$76:$ZZ$76,RESULTS!$I$3:$ZZ$74),1))
D11: =IF(B11="","",COUNTIF(_xlfn.XLOOKUP(B11,RESULTS!$I$76:$ZZ$76,RESULTS!$I$3:$ZZ$74),3)) | E11: =IF(B11="","",COUNTIF(_xlfn.XLOOKUP(B11,RESULTS!$I$76:$ZZ$76,RESULTS!$I$3:$ZZ$74),1))
D12: =IF(B12="","",COUNTIF(_xlfn.XLOOKUP(B12,RESULTS!$I$76:$ZZ$76,RESULTS!$I$3:$ZZ$74),3)) | E12: =IF(B12="","",COUNTIF(_xlfn.XLOOKUP(B12,RESULTS!$I$76:$ZZ$76,RESULTS!$I$3:$ZZ$74),1))
D13: =IF(B13="","",COUNTIF(_xlfn.XLOOKUP(B13,RESULTS!$I$76:$ZZ$76,RESULTS!$I$3:$ZZ$74),3)) | E13: =IF(B13="","",COUNTIF(_xlfn.XLOOKUP(B13,RESULTS!$I$76:$ZZ$76,RESULTS!$I$3:$ZZ$74),1))
D14: =IF(B14="","",COUNTIF(_xlfn.XLOOKUP(B14,RESULTS!$I$76:$ZZ$76,RESULTS!$I$3:$ZZ$74),3)) | E14: =IF(B14="","",COUNTIF(_xlfn.XLOOKUP(B14,RESULTS!$I$76:$ZZ$76,RESULTS!$I$3:$ZZ$74),1))
... D150: =IF(B150="","",COUNTIF(_xlfn.XLOOKUP(B150,RESULTS!$I$76:$ZZ$76,RESULTS!$I$3:$ZZ$74),3)) | E150: =IF(B150="","",COUNTIF(_xlfn.XLOOKUP(B150,RESULTS!$I$76:$ZZ$76,RESULTS!$I$3:$ZZ$74),1))
D151: =IF(B151="","",COUNTIF(_xlfn.XLOOKUP(B151,RESULTS!$I$76:$ZZ$76,RESULTS!$I$3:$ZZ$74),3))
D152: =IF(B152="","",COUNTIF(_xlfn.XLOOKUP(B152,RESULTS!$I$76:$ZZ$76,RESULTS!$I$3:$ZZ$74),3))
D153: =IF(B153="","",COUNTIF(_xlfn.XLOOKUP(B153,RESULTS!$I$76:$ZZ$76,RESULTS!$I$3:$ZZ$74),3))
D154: =IF(B154="","",COUNTIF(_xlfn.XLOOKUP(B154,RESULTS!$I$76:$ZZ$76,RESULTS!$I$3:$ZZ$74),3))
D155: =IF(B155="","",COUNTIF(_xlfn.XLOOKUP(B155,RESULTS!$I$76:$ZZ$76,RESULTS!$I$3:$ZZ$74),3))
D156: =IF(B156="","",COUNTIF(_xlfn.XLOOKUP(B156,RESULTS!$I$76:$ZZ$76,RESULTS!$I$3:$ZZ$74),3))
D157: =IF(B157="","",COUNTIF(_xlfn.XLOOKUP(B157,RESULTS!$I$76:$ZZ$76,RESULTS!$I$3:$ZZ$74),3))
D158: =IF(B158="","",COUNTIF(_xlfn.XLOOKUP(B158,RESULTS!$I$76:$ZZ$76,RESULTS!$I$3:$ZZ$74),3))
D159: =IF(B159="","",COUNTIF(_xlfn.XLOOKUP(B159,RESULTS!$I$76:$ZZ$76,RESULTS!$I$3:$ZZ$74),3))
D160: =IF(B160="","",COUNTIF(_xlfn.XLOOKUP(B160,RESULTS!$I$76:$ZZ$76,RESULTS!$I$3:$ZZ$74),3))
D161: =IF(B161="","",COUNTIF(_xlfn.XLOOKUP(B161,RESULTS!$I$76:$ZZ$76,RESULTS!$I$3:$ZZ$74),3))
D162: =IF(B162="","",COUNTIF(_xlfn.XLOOKUP(B162,RESULTS!$I$76:$ZZ$76,RESULTS!$I$3:$ZZ$74),3))
... D169: =IF(B169="","",COUNTIF(_xlfn.XLOOKUP(B169,RESULTS!$I$76:$ZZ$76,RESULTS!$I$3:$ZZ$74),3))

Sheet RESULTS
A1: =COUNTA($F$1:$JA$1) -> 85 | B1: PLAYERS | G1: Name | J1: Name | M1: Name | P1: Name | S1: Name | V1: Name | Y1: Name | AB1: Name | AE1: Name | AH1: Name | AK1: Name | AN1: Name | AQ1: Name | AT1: Name | AW1: Name | AZ1: Name | BC1: Name | BF1: Name | BI1: Name | BL1: Name | BO1: Name | BR1: Name | BU1: Name | BX1: Name | CA1: Name | CD1: Name | CG1: Name | CJ1: Name | CM1: Name | CP1: Name | CS1: Name | CV1: Name | CY1: Name | DB1: Name | DE1: Name | DH1: Name | DK1: Name | DN1: Name | DQ1: Name | DT1: Name | DW1: Name | DZ1: Name | EC1: Name | EF1: Name | EI1: Name | EL1: Name | EO1: Name | ER1: Name | EU1: Name | EX1: Name | FA1: Name | FD1: Name | FG1: Name | FJ1: Name | FM1: Name | FP1: Name | FS1: Name | FV1: Name | FY1: Name | GB1: Name | GE1: Name | GH1: Name | GK1: Name | GN1: Name | GQ1: Name | GT1: Name | GW1: Name | GZ1: Name | HC1: Name | HF1: Name | HI1: Name | HL1: Name | HO1: Name | HR1: Name | HU1: Name | HX1: Name | IA1: Name | ID1: Name | IG1: Name | IJ1: Name | IM1: Name | IP1: Name | IS1: Name | IV1: Name | IY1: Name | JB1: Name
A2: Date | B2: Team 1 | C2: SCORE | E2: Team 2 | G2: PRED. | I2: Pts | J2: PRED. | L2: Pts | M2: PRED. | O2: Pts | P2: PRED. | R2: Pts | S2: PRED. | U2: Pts | V2: PRED. | X2: Pts | Y2: PRED. | AA2: Pts | AB2: PRED. | AD2: Pts | AE2: PRED. | AG2: Pts | AH2: PRED. | AJ2: Pts | AK2: PRED. | AM2: Pts | AN2: PRED. | AP2: Pts | AQ2: PRED. | AS2: Pts | AT2: PRED. | AV2: Pts | AW2: PRED. | AY2: Pts | AZ2: PRED. | BB2: Pts | BC2: PRED. | BE2: Pts | BF2: PRED. | BH2: Pts | BI2: PRED. | BK2: Pts | BL2: PRED. | BN2: Pts | BO2: PRED. | BQ2: Pts | BR2: PRED. | BT2: Pts | BU2: PRED. | BW2: Pts | BX2: PRED. | BZ2: Pts | CA2: PRED. | CC2: Pts | CD2: PRED. | CF2: Pts | CG2: PRED. | CI2: Pts | CJ2: PRED. | CL2: Pts | CM2: PRED. | CO2: Pts | CP2: PRED. | CR2: Pts | CS2: PRED. | CU2: Pts | CV2: PRED. | CX2: Pts | CY2: PRED. | DA2: Pts | DB2: PRED. | DD2: Pts | DE2: PRED. | DG2: Pts | DH2: PRED. | DJ2: Pts | DK2: PRED. | DM2: Pts | DN2: PRED. | DP2: Pts | DQ2: PRED. | DS2: Pts | DT2: PRED. | DV2: Pts | DW2: PRED. | DY2: Pts | DZ2: PRED. | EB2: Pts | EC2: PRED. | EE2: Pts | EF2: PRED. | EH2: Pts | EI2: PRED. | EK2: Pts | EL2: PRED. | EN2: Pts | EO2: PRED. | EQ2: Pts | ER2: PRED. | ET2: Pts | EU2: PRED. | EW2: Pts | EX2: PRED. | EZ2: Pts | FA2: PRED. | FC2: Pts | FD2: PRED. | FF2: Pts | FG2: PRED. | FI2: Pts | FJ2: PRED. | FL2: Pts | FM2: PRED. | FO2: Pts | FP2: PRED. | FR2: Pts | FS2: PRED. | FU2: Pts | FV2: PRED. | FX2: Pts | FY2: PRED. | GA2: Pts | GB2: PRED. | GD2: Pts | GE2: PRED. | GG2: Pts | GH2: PRED. | GJ2: Pts | GK2: PRED. | GM2: Pts | GN2: PRED. | GP2: Pts | GQ2: PRED. | GS2: Pts | GT2: PRED. | GV2: Pts | GW2: PRED. | GY2: Pts | GZ2: PRED. | HB2: Pts | HC2: PRED. | HE2: Pts | HF2: PRED. | HH2: Pts | HI2: PRED. | HK2: Pts | HL2: PRED. | HN2: Pts | HO2: PRED. | HQ2: Pts | HR2: PRED. | HT2: Pts | HU2: PRED. | HW2: Pts | HX2: PRED. | HZ2: Pts | IA2: PRED. | IC2: Pts | ID2: PRED. | IF2: Pts | IG2: PRED. | II2: Pts | IJ2: PRED. | IL2: Pts | IM2: PRED. | IO2: Pts | IP2: PRED. | IR2: Pts | IS2: PRED. | IU2: Pts | IV2: PRED. | IX2: Pts | IY2: PRED. | JA2: Pts | JB2: PRED. | JD2: Pts
A3: 46184 | B3: Mexico | C3: {=_xlfn.LET( _xlpm.x,_xlfn.XLOOKUP(1,(Scores_Fixtures[Date]=A3)*(Scores_Fixtures[Home.1]=B3),Scores_Fixtures[Score.1],""), IF(_xlpm.x="","",_xlpm.x) )} | D3: {=_xlfn.LET( _xlpm.x,_xlfn.XLOOKUP(1,(Scores_Fixtures[Date]=A3)*(Scores_Fixtures[Home.1]=B3),Scores_Fixtures[Score.2],""), IF(_xlpm.x="","",_xlpm.x) )} | E3: South Africa | I3: {=_xlfn.IFS($D3="","",AND(G3=$C3,H3=$D3),3,($C3-$D3)/MAX(ABS($C3-$D3),1)=(G3-H3)/MAX(ABS(G3-H3),1),1,TRUE,0)} | L3: {=_xlfn.IFS($D3="","",AND(J3=$C3,K3=$D3),3,($C3-$D3)/MAX(ABS($C3-$D3),1)=(J3-K3)/MAX(ABS(J3-K3),1),1,TRUE,0)} | O3: {=_xlfn.IFS($D3="","",AND(M3=$C3,N3=$D3),3,($C3-$D3)/MAX(ABS($C3-$D3),1)=(M3-N3)/MAX(ABS(M3-N3),1),1,TRUE,0)} | R3: {=_xlfn.IFS($D3="","",AND(P3=$C3,Q3=$D3),3,($C3-$D3)/MAX(ABS($C3-$D3),1)=(P3-Q3)/MAX(ABS(P3-Q3),1),1,TRUE,0)} | U3: {=_xlfn.IFS($D3="","",AND(S3=$C3,T3=$D3),3,($C3-$D3)/MAX(ABS($C3-$D3),1)=(S3-T3)/MAX(ABS(S3-T3),1),1,TRUE,0)} | X3: {=_xlfn.IFS($D3="","",AND(V3=$C3,W3=$D3),3,($C3-$D3)/MAX(ABS($C3-$D3),1)=(V3-W3)/MAX(ABS(V3-W3),1),1,TRUE,0)} | AA3: {=_xlfn.IFS($D3="","",AND(Y3=$C3,Z3=$D3),3,($C3-$D3)/MAX(ABS($C3-$D3),1)=(Y3-Z3)/MAX(ABS(Y3-Z3),1),1,TRUE,0)} | AD3: {=_xlfn.IFS($D3="","",AND(AB3=$C3,AC3=$D3),3,($C3-$D3)/MAX(ABS($C3-$D3),1)=(AB3-AC3)/MAX(ABS(AB3-AC3),1),1,TRUE,0)} | AG3: {=_xlfn.IFS($D3="","",AND(AE3=$C3,AF3=$D3),3,($C3-$D3)/MAX(ABS($C3-$D3),1)=(AE3-AF3)/MAX(ABS(AE3-AF3),1),1,TRUE,0)} | AJ3: {=_xlfn.IFS($D3="","",AND(AH3=$C3,AI3=$D3),3,($C3-$D3)/MAX(ABS($C3-$D3),1)=(AH3-AI3)/MAX(ABS(AH3-AI3),1),1,TRUE,0)} | AM3: {=_xlfn.IFS($D3="","",AND(AK3=$C3,AL3=$D3),3,($C3-$D3)/MAX(ABS($C3-$D3),1)=(AK3-AL3)/MAX(ABS(AK3-AL3),1),1,TRUE,0)} | AP3: {=_xlfn.IFS($D3="","",AND(AN3=$C3,AO3=$D3),3,($C3-$D3)/MAX(ABS($C3-$D3),1)=(AN3-AO3)/MAX(ABS(AN3-AO3),1),1,TRUE,0)} | AS3: {=_xlfn.IFS($D3="","",AND(AQ3=$C3,AR3=$D3),3,($C3-$D3)/MAX(ABS($C3-$D3),1)=(AQ3-AR3)/MAX(ABS(AQ3-AR3),1),1,TRUE,0)} | AV3: {=_xlfn.IFS($D3="","",AND(AT3=$C3,AU3=$D3),3,($C3-$D3)/MAX(ABS($C3-$D3),1)=(AT3-AU3)/MAX(ABS(AT3-AU3),1),1,TRUE,0)} | AY3: {=_xlfn.IFS($D3="","",AND(AW3=$C3,AX3=$D3),3,($C3-$D3)/MAX(ABS($C3-$D3),1)=(AW3-AX3)/MAX(ABS(AW3-AX3),1),1,TRUE,0)} | BB3: {=_xlfn.IFS($D3="","",AND(AZ3=$C3,BA3=$D3),3,($C3-$D3)/MAX(ABS($C3-$D3),1)=(AZ3-BA3)/MAX(ABS(AZ3-BA3),1),1,TRUE,0)} | BE3: {=_xlfn.IFS($D3="","",AND(BC3=$C3,BD3=$D3),3,($C3-$D3)/MAX(ABS($C3-$D3),1)=(BC3-BD3)/MAX(ABS(BC3-BD3),1),1,TRUE,0)} | BH3: {=_xlfn.IFS($D3="","",AND(BF3=$C3,BG3=$D3),3,($C3-$D3)/MAX(ABS($C3-$D3),1)=(BF3-BG3)/MAX(ABS(BF3-BG3),1),1,TRUE,0)} | BK3: {=_xlfn.IFS($D3="","",AND(BI3=$C3,BJ3=$D3),3,($C3-$D3)/MAX(ABS($C3-$D3),1)=(BI3-BJ3)/MAX(ABS(BI3-BJ3),1),1,TRUE,0)} | BN3: {=_xlfn.IFS($D3="","",AND(BL3=$C3,BM3=$D3),3,($C3-$D3)/MAX(ABS($C3-$D3),1)=(BL3-BM3)/MAX(ABS(BL3-BM3),1),1,TRUE,0)} | BQ3: {=_xlfn.IFS($D3="","",AND(BO3=$C3,BP3=$D3),3,($C3-$D3)/MAX(ABS($C3-$D3),1)=(BO3-BP3)/MAX(ABS(BO3-BP3),1),1,TRUE,0)} | BT3: {=_xlfn.IFS($D3="","",AND(BR3=$C3,BS3=$D3),3,($C3-$D3)/MAX(ABS($C3-$D3),1)=(BR3-BS3)/MAX(ABS(BR3-BS3),1),1,TRUE,0)} | BW3: {=_xlfn.IFS($D3="","",AND(BU3=$C3,BV3=$D3),3,($C3-$D3)/MAX(ABS($C3-$D3),1)=(BU3-BV3)/MAX(ABS(BU3-BV3),1),1,TRUE,0)} | BZ3: {=_xlfn.IFS($D3="","",AND(BX3=$C3,BY3=$D3),3,($C3-$D3)/MAX(ABS($C3-$D3),1)=(BX3-BY3)/MAX(ABS(BX3-BY3),1),1,TRUE,0)} | CC3: {=_xlfn.IFS($D3="","",AND(CA3=$C3,CB3=$D3),3,($C3-$D3)/MAX(ABS($C3-$D3),1)=(CA3-CB3)/MAX(ABS(CA3-CB3),1),1,TRUE,0)} | CF3: {=_xlfn.IFS($D3="","",AND(CD3=$C3,CE3=$D3),3,($C3-$D3)/MAX(ABS($C3-$D3),1)=(CD3-CE3)/MAX(ABS(CD3-CE3),1),1,TRUE,0)} | CI3: {=_xlfn.IFS($D3="","",AND(CG3=$C3,CH3=$D3),3,($C3-$D3)/MAX(ABS($C3-$D3),1)=(CG3-CH3)/MAX(ABS(CG3-CH3),1),1,TRUE,0)} | CL3: {=_xlfn.IFS($D3="","",AND(CJ3=$C3,CK3=$D3),3,($C3-$D3)/MAX(ABS($C3-$D3),1)=(CJ3-CK3)/MAX(ABS(CJ3-CK3),1),1,TRUE,0)} | CO3: {=_xlfn.IFS($D3="","",AND(CM3=$C3,CN3=$D3),3,($C3-$D3)/MAX(ABS($C3-$D3),1)=(CM3-CN3)/MAX(ABS(CM3-CN3),1),1,TRUE,0)} | CR3: {=_xlfn.IFS($D3="","",AND(CP3=$C3,CQ3=$D3),3,($C3-$D3)/MAX(ABS($C3-$D3),1)=(CP3-CQ3)/MAX(ABS(CP3-CQ3),1),1,TRUE,0)} | CU3: {=_xlfn.IFS($D3="","",AND(CS3=$C3,CT3=$D3),3,($C3-$D3)/MAX(ABS($C3-$D3),1)=(CS3-CT3)/MAX(ABS(CS3-CT3),1),1,TRUE,0)} | CX3: {=_xlfn.IFS($D3="","",AND(CV3=$C3,CW3=$D3),3,($C3-$D3)/MAX(ABS($C3-$D3),1)=(CV3-CW3)/MAX(ABS(CV3-CW3),1),1,TRUE,0)} | DA3: {=_xlfn.IFS($D3="","",AND(CY3=$C3,CZ3=$D3),3,($C3-$D3)/MAX(ABS($C3-$D3),1)=(CY3-CZ3)/MAX(ABS(CY3-CZ3),1),1,TRUE,0)} | DD3: {=_xlfn.IFS($D3="","",AND(DB3=$C3,DC3=$D3),3,($C3-$D3)/MAX(ABS($C3-$D3),1)=(DB3-DC3)/MAX(ABS(DB3-DC3),1),1,TRUE,0)} | DG3: {=_xlfn.IFS($D3="","",AND(DE3=$C3,DF3=$D3),3,($C3-$D3)/MAX(ABS($C3-$D3),1)=(DE3-DF3)/MAX(ABS(DE3-DF3),1),1,TRUE,0)} | DJ3: {=_xlfn.IFS($D3="","",AND(DH3=$C3,DI3=$D3),3,($C3-$D3)/MAX(ABS($C3-$D3),1)=(DH3-DI3)/MAX(ABS(DH3-DI3),1),1,TRUE,0)} | DM3: {=_xlfn.IFS($D3="","",AND(DK3=$C3,DL3=$D3),3,($C3-$D3)/MAX(ABS($C3-$D3),1)=(DK3-DL3)/MAX(ABS(DK3-DL3),1),1,TRUE,0)} | DP3: {=_xlfn.IFS($D3="","",AND(DN3=$C3,DO3=$D3),3,($C3-$D3)/MAX(ABS($C3-$D3),1)=(DN3-DO3)/MAX(ABS(DN3-DO3),1),1,TRUE,0)} | DS3: {=_xlfn.IFS($D3="","",AND(DQ3=$C3,DR3=$D3),3,($C3-$D3)/MAX(ABS($C3-$D3),1)=(DQ3-DR3)/MAX(ABS(DQ3-DR3),1),1,TRUE,0)} | DV3: {=_xlfn.IFS($D3="","",AND(DT3=$C3,DU3=$D3),3,($C3-$D3)/MAX(ABS($C3-$D3),1)=(DT3-DU3)/MAX(ABS(DT3-DU3),1),1,TRUE,0)} | DY3: {=_xlfn.IFS($D3="","",AND(DW3=$C3,DX3=$D3),3,($C3-$D3)/MAX(ABS($C3-$D3),1)=(DW3-DX3)/MAX(ABS(DW3-DX3),1),1,TRUE,0)} | EB3: {=_xlfn.IFS($D3="","",AND(DZ3=$C3,EA3=$D3),3,($C3-$D3)/MAX(ABS($C3-$D3),1)=(DZ3-EA3)/MAX(ABS(DZ3-EA3),1),1,TRUE,0)} | EE3: {=_xlfn.IFS($D3="","",AND(EC3=$C3,ED3=$D3),3,($C3-$D3)/MAX(ABS($C3-$D3),1)=(EC3-ED3)/MAX(ABS(EC3-ED3),1),1,TRUE,0)} | EH3: {=_xlfn.IFS($D3="","",AND(EF3=$C3,EG3=$D3),3,($C3-$D3)/MAX(ABS($C3-$D3),1)=(EF3-EG3)/MAX(ABS(EF3-EG3),1),1,TRUE,0)} | EK3: {=_xlfn.IFS($D3="","",AND(EI3=$C3,EJ3=$D3),3,($C3-$D3)/MAX(ABS($C3-$D3),1)=(EI3-EJ3)/MAX(ABS(EI3-EJ3),1),1,TRUE,0)} | EN3: {=_xlfn.IFS($D3="","",AND(EL3=$C3,EM3=$D3),3,($C3-$D3)/MAX(ABS($C3-$D3),1)=(EL3-EM3)/MAX(ABS(EL3-EM3),1),1,TRUE,0)} | EQ3: {=_xlfn.IFS($D3="","",AND(EO3=$C3,EP3=$D3),3,($C3-$D3)/MAX(ABS($C3-$D3),1)=(EO3-EP3)/MAX(ABS(EO3-EP3),1),1,TRUE,0)} | ET3: {=_xlfn.IFS($D3="","",AND(ER3=$C3,ES3=$D3),3,($C3-$D3)/MAX(ABS($C3-$D3),1)=(ER3-ES3)/MAX(ABS(ER3-ES3),1),1,TRUE,0)} | EW3: {=_xlfn.IFS($D3="","",AND(EU3=$C3,EV3=$D3),3,($C3-$D3)/MAX(ABS($C3-$D3),1)=(EU3-EV3)/MAX(ABS(EU3-EV3),1),1,TRUE,0)} | EZ3: {=_xlfn.IFS($D3="","",AND(EX3=$C3,EY3=$D3),3,($C3-$D3)/MAX(ABS($C3-$D3),1)=(EX3-EY3)/MAX(ABS(EX3-EY3),1),1,TRUE,0)} | FC3: {=_xlfn.IFS($D3="","",AND(FA3=$C3,FB3=$D3),3,($C3-$D3)/MAX(ABS($C3-$D3),1)=(FA3-FB3)/MAX(ABS(FA3-FB3),1),1,TRUE,0)} | FF3: {=_xlfn.IFS($D3="","",AND(FD3=$C3,FE3=$D3),3,($C3-$D3)/MAX(ABS($C3-$D3),1)=(FD3-FE3)/MAX(ABS(FD3-FE3),1),1,TRUE,0)} | FI3: {=_xlfn.IFS($D3="","",AND(FG3=$C3,FH3=$D3),3,($C3-$D3)/MAX(ABS($C3-$D3),1)=(FG3-FH3)/MAX(ABS(FG3-FH3),1),1,TRUE,0)} | FL3: {=_xlfn.IFS($D3="","",AND(FJ3=$C3,FK3=$D3),3,($C3-$D3)/MAX(ABS($C3-$D3),1)=(FJ3-FK3)/MAX(ABS(FJ3-FK3),1),1,TRUE,0)} | FO3: {=_xlfn.IFS($D3="","",AND(FM3=$C3,FN3=$D3),3,($C3-$D3)/MAX(ABS($C3-$D3),1)=(FM3-FN3)/MAX(ABS(FM3-FN3),1),1,TRUE,0)} | FR3: {=_xlfn.IFS($D3="","",AND(FP3=$C3,FQ3=$D3),3,($C3-$D3)/MAX(ABS($C3-$D3),1)=(FP3-FQ3)/MAX(ABS(FP3-FQ3),1),1,TRUE,0)} | FU3: {=_xlfn.IFS($D3="","",AND(FS3=$C3,FT3=$D3),3,($C3-$D3)/MAX(ABS($C3-$D3),1)=(FS3-FT3)/MAX(ABS(FS3-FT3),1),1,TRUE,0)} | FX3: {=_xlfn.IFS($D3="","",AND(FV3=$C3,FW3=$D3),3,($C3-$D3)/MAX(ABS($C3-$D3),1)=(FV3-FW3)/MAX(ABS(FV3-FW3),1),1,TRUE,0)} | GA3: {=_xlfn.IFS($D3="","",AND(FY3=$C3,FZ3=$D3),3,($C3-$D3)/MAX(ABS($C3-$D3),1)=(FY3-FZ3)/MAX(ABS(FY3-FZ3),1),1,TRUE,0)} | GD3: {=_xlfn.IFS($D3="","",AND(GB3=$C3,GC3=$D3),3,($C3-$D3)/MAX(ABS($C3-$D3),1)=(GB3-GC3)/MAX(ABS(GB3-GC3),1),1,TRUE,0)} | GG3: {=_xlfn.IFS($D3="","",AND(GE3=$C3,GF3=$D3),3,($C3-$D3)/MAX(ABS($C3-$D3),1)=(GE3-GF3)/MAX(ABS(GE3-GF3),1),1,TRUE,0)} | GJ3: {=_xlfn.IFS($D3="","",AND(GH3=$C3,GI3=$D3),3,($C3-$D3)/MAX(ABS($C3-$D3),1)=(GH3-GI3)/MAX(ABS(GH3-GI3),1),1,TRUE,0)} | GM3: {=_xlfn.IFS($D3="","",AND(GK3=$C3,GL3=$D3),3,($C3-$D3)/MAX(ABS($C3-$D3),1)=(GK3-GL3)/MAX(ABS(GK3-GL3),1),1,TRUE,0)} | GP3: {=_xlfn.IFS($D3="","",AND(GN3=$C3,GO3=$D3),3,($C3-$D3)/MAX(ABS($C3-$D3),1)=(GN3-GO3)/MAX(ABS(GN3-GO3),1),1,TRUE,0)} | GS3: {=_xlfn.IFS($D3="","",AND(GQ3=$C3,GR3=$D3),3,($C3-$D3)/MAX(ABS($C3-$D3),1)=(GQ3-GR3)/MAX(ABS(GQ3-GR3),1),1,TRUE,0)} | GV3: {=_xlfn.IFS($D3="","",AND(GT3=$C3,GU3=$D3),3,($C3-$D3)/MAX(ABS($C3-$D3),1)=(GT3-GU3)/MAX(ABS(GT3-GU3),1),1,TRUE,0)} | GY3: {=_xlfn.IFS($D3="","",AND(GW3=$C3,GX3=$D3),3,($C3-$D3)/MAX(ABS($C3-$D3),1)=(GW3-GX3)/MAX(ABS(GW3-GX3),1),1,TRUE,0)} | HB3: {=_xlfn.IFS($D3="","",AND(GZ3=$C3,HA3=$D3),3,($C3-$D3)/MAX(ABS($C3-$D3),1)=(GZ3-HA3)/MAX(ABS(GZ3-HA3),1),1,TRUE,0)} | HE3: {=_xlfn.IFS($D3="","",AND(HC3=$C3,HD3=$D3),3,($C3-$D3)/MAX(ABS($C3-$D3),1)=(HC3-HD3)/MAX(ABS(HC3-HD3),1),1,TRUE,0)} | HH3: {=_xlfn.IFS($D3="","",AND(HF3=$C3,HG3=$D3),3,($C3-$D3)/MAX(ABS($C3-$D3),1)=(HF3-HG3)/MAX(ABS(HF3-HG3),1),1,TRUE,0)} | HK3: {=_xlfn.IFS($D3="","",AND(HI3=$C3,HJ3=$D3),3,($C3-$D3)/MAX(ABS($C3-$D3),1)=(HI3-HJ3)/MAX(ABS(HI3-HJ3),1),1,TRUE,0)} | HN3: {=_xlfn.IFS($D3="","",AND(HL3=$C3,HM3=$D3),3,($C3-$D3)/MAX(ABS($C3-$D3),1)=(HL3-HM3)/MAX(ABS(HL3-HM3),1),1,TRUE,0)} | HQ3: {=_xlfn.IFS($D3="","",AND(HO3=$C3,HP3=$D3),3,($C3-$D3)/MAX(ABS($C3-$D3),1)=(HO3-HP3)/MAX(ABS(HO3-HP3),1),1,TRUE,0)} | HT3: {=_xlfn.IFS($D3="","",AND(HR3=$C3,HS3=$D3),3,($C3-$D3)/MAX(ABS($C3-$D3),1)=(HR3-HS3)/MAX(ABS(HR3-HS3),1),1,TRUE,0)} | HW3: {=_xlfn.IFS($D3="","",AND(HU3=$C3,HV3=$D3),3,($C3-$D3)/MAX(ABS($C3-$D3),1)=(HU3-HV3)/MAX(ABS(HU3-HV3),1),1,TRUE,0)} | HZ3: {=_xlfn.IFS($D3="","",AND(HX3=$C3,HY3=$D3),3,($C3-$D3)/MAX(ABS($C3-$D3),1)=(HX3-HY3)/MAX(ABS(HX3-HY3),1),1,TRUE,0)} | IC3: {=_xlfn.IFS($D3="","",AND(IA3=$C3,IB3=$D3),3,($C3-$D3)/MAX(ABS($C3-$D3),1)=(IA3-IB3)/MAX(ABS(IA3-IB3),1),1,TRUE,0)} | IF3: {=_xlfn.IFS($D3="","",AND(ID3=$C3,IE3=$D3),3,($C3-$D3)/MAX(ABS($C3-$D3),1)=(ID3-IE3)/MAX(ABS(ID3-IE3),1),1,TRUE,0)} | II3: {=_xlfn.IFS($D3="","",AND(IG3=$C3,IH3=$D3),3,($C3-$D3)/MAX(ABS($C3-$D3),1)=(IG3-IH3)/MAX(ABS(IG3-IH3),1),1,TRUE,0)} | IL3: {=_xlfn.IFS($D3="","",AND(IJ3=$C3,IK3=$D3),3,($C3-$D3)/MAX(ABS($C3-$D3),1)=(IJ3-IK3)/MAX(ABS(IJ3-IK3),1),1,TRUE,0)} | IO3: {=_xlfn.IFS($D3="","",AND(IM3=$C3,IN3=$D3),3,($C3-$D3)/MAX(ABS($C3-$D3),1)=(IM3-IN3)/MAX(ABS(IM3-IN3),1),1,TRUE,0)} | IR3: {=_xlfn.IFS($D3="","",AND(IP3=$C3,IQ3=$D3),3,($C3-$D3)/MAX(ABS($C3-$D3),1)=(IP3-IQ3)/MAX(ABS(IP3-IQ3),1),1,TRUE,0)} | IU3: {=_xlfn.IFS($D3="","",AND(IS3=$C3,IT3=$D3),3,($C3-$D3)/MAX(ABS($C3-$D3),1)=(IS3-IT3)/MAX(ABS(IS3-IT3),1),1,TRUE,0)} | IX3: {=_xlfn.IFS($D3="","",AND(IV3=$C3,IW3=$D3),3,($C3-$D3)/MAX(ABS($C3-$D3),1)=(IV3-IW3)/MAX(ABS(IV3-IW3),1),1,TRUE,0)} | JA3: {=_xlfn.IFS($D3="","",AND(IY3=$C3,IZ3=$D3),3,($C3-$D3)/MAX(ABS($C3-$D3),1)=(IY3-IZ3)/MAX(ABS(IY3-IZ3),1),1,TRUE,0)} | JD3: {=_xlfn.IFS($D3="","",AND(JB3=$C3,JC3=$D3),3,($C3-$D3)/MAX(ABS($C3-$D3),1)=(JB3-JC3)/MAX(ABS(JB3-JC3),1),1,TRUE,0)}
A4: 46185 | B4: Rep. of Korea | C4: {=_xlfn.LET( _xlpm.x,_xlfn.XLOOKUP(1,(Scores_Fixtures[Date]=A4)*(Scores_Fixtures[Home.1]=B4),Scores_Fixtures[Score.1],""), IF(_xlpm.x="","",_xlpm.x) )} | D4: {=_xlfn.LET( _xlpm.x,_xlfn.XLOOKUP(1,(Scores_Fixtures[Date]=A4)*(Scores_Fixtures[Home.1]=B4),Scores_Fixtures[Score.2],""), IF(_xlpm.x="","",_xlpm.x) )} | E4: Czechia | I4: {=_xlfn.IFS($D4="","",AND(G4=$C4,H4=$D4),3,($C4-$D4)/MAX(ABS($C4-$D4),1)=(G4-H4)/MAX(ABS(G4-H4),1),1,TRUE,0)} | L4: {=_xlfn.IFS($D4="","",AND(J4=$C4,K4=$D4),3,($C4-$D4)/MAX(ABS($C4-$D4),1)=(J4-K4)/MAX(ABS(J4-K4),1),1,TRUE,0)} | O4: {=_xlfn.IFS($D4="","",AND(M4=$C4,N4=$D4),3,($C4-$D4)/MAX(ABS($C4-$D4),1)=(M4-N4)/MAX(ABS(M4-N4),1),1,TRUE,0)} | R4: {=_xlfn.IFS($D4="","",AND(P4=$C4,Q4=$D4),3,($C4-$D4)/MAX(ABS($C4-$D4),1)=(P4-Q4)/MAX(ABS(P4-Q4),1),1,TRUE,0)} | U4: {=_xlfn.IFS($D4="","",AND(S4=$C4,T4=$D4),3,($C4-$D4)/MAX(ABS($C4-$D4),1)=(S4-T4)/MAX(ABS(S4-T4),1),1,TRUE,0)} | X4: {=_xlfn.IFS($D4="","",AND(V4=$C4,W4=$D4),3,($C4-$D4)/MAX(ABS($C4-$D4),1)=(V4-W4)/MAX(ABS(V4-W4),1),1,TRUE,0)} | AA4: {=_xlfn.IFS($D4="","",AND(Y4=$C4,Z4=$D4),3,($C4-$D4)/MAX(ABS($C4-$D4),1)=(Y4-Z4)/MAX(ABS(Y4-Z4),1),1,TRUE,0)} | AD4: {=_xlfn.IFS($D4="","",AND(AB4=$C4,AC4=$D4),3,($C4-$D4)/MAX(ABS($C4-$D4),1)=(AB4-AC4)/MAX(ABS(AB4-AC4),1),1,TRUE,0)} | AG4: {=_xlfn.IFS($D4="","",AND(AE4=$C4,AF4=$D4),3,($C4-$D4)/MAX(ABS($C4-$D4),1)=(AE4-AF4)/MAX(ABS(AE4-AF4),1),1,TRUE,0)} | AJ4: {=_xlfn.IFS($D4="","",AND(AH4=$C4,AI4=$D4),3,($C4-$D4)/MAX(ABS($C4-$D4),1)=(AH4-AI4)/MAX(ABS(AH4-AI4),1),1,TRUE,0)} | AM4: {=_xlfn.IFS($D4="","",AND(AK4=$C4,AL4=$D4),3,($C4-$D4)/MAX(ABS($C4-$D4),1)=(AK4-AL4)/MAX(ABS(AK4-AL4),1),1,TRUE,0)} | AP4: {=_xlfn.IFS($D4="","",AND(AN4=$C4,AO4=$D4),3,($C4-$D4)/MAX(ABS($C4-$D4),1)=(AN4-AO4)/MAX(ABS(AN4-AO4),1),1,TRUE,0)} | AS4: {=_xlfn.IFS($D4="","",AND(AQ4=$C4,AR4=$D4),3,($C4-$D4)/MAX(ABS($C4-$D4),1)=(AQ4-AR4)/MAX(ABS(AQ4-AR4),1),1,TRUE,0)} | AV4: {=_xlfn.IFS($D4="","",AND(AT4=$C4,AU4=$D4),3,($C4-$D4)/MAX(ABS($C4-$D4),1)=(AT4-AU4)/MAX(ABS(AT4-AU4),1),1,TRUE,0)} | AY4: {=_xlfn.IFS($D4="","",AND(AW4=$C4,AX4=$D4),3,($C4-$D4)/MAX(ABS($C4-$D4),1)=(AW4-AX4)/MAX(ABS(AW4-AX4),1),1,TRUE,0)} | BB4: {=_xlfn.IFS($D4="","",AND(AZ4=$C4,BA4=$D4),3,($C4-$D4)/MAX(ABS($C4-$D4),1)=(AZ4-BA4)/MAX(ABS(AZ4-BA4),1),1,TRUE,0)} | BE4: {=_xlfn.IFS($D4="","",AND(BC4=$C4,BD4=$D4),3,($C4-$D4)/MAX(ABS($C4-$D4),1)=(BC4-BD4)/MAX(ABS(BC4-BD4),1),1,TRUE,0)} | BH4: {=_xlfn.IFS($D4="","",AND(BF4=$C4,BG4=$D4),3,($C4-$D4)/MAX(ABS($C4-$D4),1)=(BF4-BG4)/MAX(ABS(BF4-BG4),1),1,TRUE,0)} | BK4: {=_xlfn.IFS($D4="","",AND(BI4=$C4,BJ4=$D4),3,($C4-$D4)/MAX(ABS($C4-$D4),1)=(BI4-BJ4)/MAX(ABS(BI4-BJ4),1),1,TRUE,0)} | BN4: {=_xlfn.IFS($D4="","",AND(BL4=$C4,BM4=$D4),3,($C4-$D4)/MAX(ABS($C4-$D4),1)=(BL4-BM4)/MAX(ABS(BL4-BM4),1),1,TRUE,0)} | BQ4: {=_xlfn.IFS($D4="","",AND(BO4=$C4,BP4=$D4),3,($C4-$D4)/MAX(ABS($C4-$D4),1)=(BO4-BP4)/MAX(ABS(BO4-BP4),1),1,TRUE,0)} | BT4: {=_xlfn.IFS($D4="","",AND(BR4=$C4,BS4=$D4),3,($C4-$D4)/MAX(ABS($C4-$D4),1)=(BR4-BS4)/MAX(ABS(BR4-BS4),1),1,TRUE,0)} | BW4: {=_xlfn.IFS($D4="","",AND(BU4=$C4,BV4=$D4),3,($C4-$D4)/MAX(ABS($C4-$D4),1)=(BU4-BV4)/MAX(ABS(BU4-BV4),1),1,TRUE,0)} | BZ4: {=_xlfn.IFS($D4="","",AND(BX4=$C4,BY4=$D4),3,($C4-$D4)/MAX(ABS($C4-$D4),1)=(BX4-BY4)/MAX(ABS(BX4-BY4),1),1,TRUE,0)} | CC4: {=_xlfn.IFS($D4="","",AND(CA4=$C4,CB4=$D4),3,($C4-$D4)/MAX(ABS($C4-$D4),1)=(CA4-CB4)/MAX(ABS(CA4-CB4),1),1,TRUE,0)} | CF4: {=_xlfn.IFS($D4="","",AND(CD4=$C4,CE4=$D4),3,($C4-$D4)/MAX(ABS($C4-$D4),1)=(CD4-CE4)/MAX(ABS(CD4-CE4),1),1,TRUE,0)} | CI4: {=_xlfn.IFS($D4="","",AND(CG4=$C4,CH4=$D4),3,($C4-$D4)/MAX(ABS($C4-$D4),1)=(CG4-CH4)/MAX(ABS(CG4-CH4),1),1,TRUE,0)} | CL4: {=_xlfn.IFS($D4="","",AND(CJ4=$C4,CK4=$D4),3,($C4-$D4)/MAX(ABS($C4-$D4),1)=(CJ4-CK4)/MAX(ABS(CJ4-CK4),1),1,TRUE,0)} | CO4: {=_xlfn.IFS($D4="","",AND(CM4=$C4,CN4=$D4),3,($C4-$D4)/MAX(ABS($C4-$D4),1)=(CM4-CN4)/MAX(ABS(CM4-CN4),1),1,TRUE,0)} | CR4: {=_xlfn.IFS($D4="","",AND(CP4=$C4,CQ4=$D4),3,($C4-$D4)/MAX(ABS($C4-$D4),1)=(CP4-CQ4)/MAX(ABS(CP4-CQ4),1),1,TRUE,0)} | CU4: {=_xlfn.IFS($D4="","",AND(CS4=$C4,CT4=$D4),3,($C4-$D4)/MAX(ABS($C4-$D4),1)=(CS4-CT4)/MAX(ABS(CS4-CT4),1),1,TRUE,0)} | CX4: {=_xlfn.IFS($D4="","",AND(CV4=$C4,CW4=$D4),3,($C4-$D4)/MAX(ABS($C4-$D4),1)=(CV4-CW4)/MAX(ABS(CV4-CW4),1),1,TRUE,0)} | DA4: {=_xlfn.IFS($D4="","",AND(CY4=$C4,CZ4=$D4),3,($C4-$D4)/MAX(ABS($C4-$D4),1)=(CY4-CZ4)/MAX(ABS(CY4-CZ4),1),1,TRUE,0)} | DD4: {=_xlfn.IFS($D4="","",AND(DB4=$C4,DC4=$D4),3,($C4-$D4)/MAX(ABS($C4-$D4),1)=(DB4-DC4)/MAX(ABS(DB4-DC4),1),1,TRUE,0)} | DG4: {=_xlfn.IFS($D4="","",AND(DE4=$C4,DF4=$D4),3,($C4-$D4)/MAX(ABS($C4-$D4),1)=(DE4-DF4)/MAX(ABS(DE4-DF4),1),1,TRUE,0)} | DJ4: {=_xlfn.IFS($D4="","",AND(DH4=$C4,DI4=$D4),3,($C4-$D4)/MAX(ABS($C4-$D4),1)=(DH4-DI4)/MAX(ABS(DH4-DI4),1),1,TRUE,0)} | DM4: {=_xlfn.IFS($D4="","",AND(DK4=$C4,DL4=$D4),3,($C4-$D4)/MAX(ABS($C4-$D4),1)=(DK4-DL4)/MAX(ABS(DK4-DL4),1),1,TRUE,0)} | DP4: {=_xlfn.IFS($D4="","",AND(DN4=$C4,DO4=$D4),3,($C4-$D4)/MAX(ABS($C4-$D4),1)=(DN4-DO4)/MAX(ABS(DN4-DO4),1),1,TRUE,0)} | DS4: {=_xlfn.IFS($D4="","",AND(DQ4=$C4,DR4=$D4),3,($C4-$D4)/MAX(ABS($C4-$D4),1)=(DQ4-DR4)/MAX(ABS(DQ4-DR4),1),1,TRUE,0)} | DV4: {=_xlfn.IFS($D4="","",AND(DT4=$C4,DU4=$D4),3,($C4-$D4)/MAX(ABS($C4-$D4),1)=(DT4-DU4)/MAX(ABS(DT4-DU4),1),1,TRUE,0)} | DY4: {=_xlfn.IFS($D4="","",AND(DW4=$C4,DX4=$D4),3,($C4-$D4)/MAX(ABS($C4-$D4),1)=(DW4-DX4)/MAX(ABS(DW4-DX4),1),1,TRUE,0)} | EB4: {=_xlfn.IFS($D4="","",AND(DZ4=$C4,EA4=$D4),3,($C4-$D4)/MAX(ABS($C4-$D4),1)=(DZ4-EA4)/MAX(ABS(DZ4-EA4),1),1,TRUE,0)} | EE4: {=_xlfn.IFS($D4="","",AND(EC4=$C4,ED4=$D4),3,($C4-$D4)/MAX(ABS($C4-$D4),1)=(EC4-ED4)/MAX(ABS(EC4-ED4),1),1,TRUE,0)} | EH4: {=_xlfn.IFS($D4="","",AND(EF4=$C4,EG4=$D4),3,($C4-$D4)/MAX(ABS($C4-$D4),1)=(EF4-EG4)/MAX(ABS(EF4-EG4),1),1,TRUE,0)} | EK4: {=_xlfn.IFS($D4="","",AND(EI4=$C4,EJ4=$D4),3,($C4-$D4)/MAX(ABS($C4-$D4),1)=(EI4-EJ4)/MAX(ABS(EI4-EJ4),1),1,TRUE,0)} | EN4: {=_xlfn.IFS($D4="","",AND(EL4=$C4,EM4=$D4),3,($C4-$D4)/MAX(ABS($C4-$D4),1)=(EL4-EM4)/MAX(ABS(EL4-EM4),1),1,TRUE,0)} | EQ4: {=_xlfn.IFS($D4="","",AND(EO4=$C4,EP4=$D4),3,($C4-$D4)/MAX(ABS($C4-$D4),1)=(EO4-EP4)/MAX(ABS(EO4-EP4),1),1,TRUE,0)} | ET4: {=_xlfn.IFS($D4="","",AND(ER4=$C4,ES4=$D4),3,($C4-$D4)/MAX(ABS($C4-$D4),1)=(ER4-ES4)/MAX(ABS(ER4-ES4),1),1,TRUE,0)} | EW4: {=_xlfn.IFS($D4="","",AND(EU4=$C4,EV4=$D4),3,($C4-$D4)/MAX(ABS($C4-$D4),1)=(EU4-EV4)/MAX(ABS(EU4-EV4),1),1,TRUE,0)} | EZ4: {=_xlfn.IFS($D4="","",AND(EX4=$C4,EY4=$D4),3,($C4-$D4)/MAX(ABS($C4-$D4),1)=(EX4-EY4)/MAX(ABS(EX4-EY4),1),1,TRUE,0)} | FC4: {=_xlfn.IFS($D4="","",AND(FA4=$C4,FB4=$D4),3,($C4-$D4)/MAX(ABS($C4-$D4),1)=(FA4-FB4)/MAX(ABS(FA4-FB4),1),1,TRUE,0)} | FF4: {=_xlfn.IFS($D4="","",AND(FD4=$C4,FE4=$D4),3,($C4-$D4)/MAX(ABS($C4-$D4),1)=(FD4-FE4)/MAX(ABS(FD4-FE4),1),1,TRUE,0)} | FI4: {=_xlfn.IFS($D4="","",AND(FG4=$C4,FH4=$D4),3,($C4-$D4)/MAX(ABS($C4-$D4),1)=(FG4-FH4)/MAX(ABS(FG4-FH4),1),1,TRUE,0)} | FL4: {=_xlfn.IFS($D4="","",AND(FJ4=$C4,FK4=$D4),3,($C4-$D4)/MAX(ABS($C4-$D4),1)=(FJ4-FK4)/MAX(ABS(FJ4-FK4),1),1,TRUE,0)} | FO4: {=_xlfn.IFS($D4="","",AND(FM4=$C4,FN4=$D4),3,($C4-$D4)/MAX(ABS($C4-$D4),1)=(FM4-FN4)/MAX(ABS(FM4-FN4),1),1,TRUE,0)} | FR4: {=_xlfn.IFS($D4="","",AND(FP4=$C4,FQ4=$D4),3,($C4-$D4)/MAX(ABS($C4-$D4),1)=(FP4-FQ4)/MAX(ABS(FP4-FQ4),1),1,TRUE,0)} | FU4: {=_xlfn.IFS($D4="","",AND(FS4=$C4,FT4=$D4),3,($C4-$D4)/MAX(ABS($C4-$D4),1)=(FS4-FT4)/MAX(ABS(FS4-FT4),1),1,TRUE,0)} | FX4: {=_xlfn.IFS($D4="","",AND(FV4=$C4,FW4=$D4),3,($C4-$D4)/MAX(ABS($C4-$D4),1)=(FV4-FW4)/MAX(ABS(FV4-FW4),1),1,TRUE,0)} | GA4: {=_xlfn.IFS($D4="","",AND(FY4=$C4,FZ4=$D4),3,($C4-$D4)/MAX(ABS($C4-$D4),1)=(FY4-FZ4)/MAX(ABS(FY4-FZ4),1),1,TRUE,0)} | GD4: {=_xlfn.IFS($D4="","",AND(GB4=$C4,GC4=$D4),3,($C4-$D4)/MAX(ABS($C4-$D4),1)=(GB4-GC4)/MAX(ABS(GB4-GC4),1),1,TRUE,0)} | GG4: {=_xlfn.IFS($D4="","",AND(GE4=$C4,GF4=$D4),3,($C4-$D4)/MAX(ABS($C4-$D4),1)=(GE4-GF4)/MAX(ABS(GE4-GF4),1),1,TRUE,0)} | GJ4: {=_xlfn.IFS($D4="","",AND(GH4=$C4,GI4=$D4),3,($C4-$D4)/MAX(ABS($C4-$D4),1)=(GH4-GI4)/MAX(ABS(GH4-GI4),1),1,TRUE,0)} | GM4: {=_xlfn.IFS($D4="","",AND(GK4=$C4,GL4=$D4),3,($C4-$D4)/MAX(ABS($C4-$D4),1)=(GK4-GL4)/MAX(ABS(GK4-GL4),1),1,TRUE,0)} | GP4: {=_xlfn.IFS($D4="","",AND(GN4=$C4,GO4=$D4),3,($C4-$D4)/MAX(ABS($C4-$D4),1)=(GN4-GO4)/MAX(ABS(GN4-GO4),1),1,TRUE,0)} | GS4: {=_xlfn.IFS($D4="","",AND(GQ4=$C4,GR4=$D4),3,($C4-$D4)/MAX(ABS($C4-$D4),1)=(GQ4-GR4)/MAX(ABS(GQ4-GR4),1),1,TRUE,0)} | GV4: {=_xlfn.IFS($D4="","",AND(GT4=$C4,GU4=$D4),3,($C4-$D4)/MAX(ABS($C4-$D4),1)=(GT4-GU4)/MAX(ABS(GT4-GU4),1),1,TRUE,0)} | GY4: {=_xlfn.IFS($D4="","",AND(GW4=$C4,GX4=$D4),3,($C4-$D4)/MAX(ABS($C4-$D4),1)=(GW4-GX4)/MAX(ABS(GW4-GX4),1),1,TRUE,0)} | HB4: {=_xlfn.IFS($D4="","",AND(GZ4=$C4,HA4=$D4),3,($C4-$D4)/MAX(ABS($C4-$D4),1)=(GZ4-HA4)/MAX(ABS(GZ4-HA4),1),1,TRUE,0)} | HE4: {=_xlfn.IFS($D4="","",AND(HC4=$C4,HD4=$D4),3,($C4-$D4)/MAX(ABS($C4-$D4),1)=(HC4-HD4)/MAX(ABS(HC4-HD4),1),1,TRUE,0)} | HH4: {=_xlfn.IFS($D4="","",AND(HF4=$C4,HG4=$D4),3,($C4-$D4)/MAX(ABS($C4-$D4),1)=(HF4-HG4)/MAX(ABS(HF4-HG4),1),1,TRUE,0)} | HK4: {=_xlfn.IFS($D4="","",AND(HI4=$C4,HJ4=$D4),3,($C4-$D4)/MAX(ABS($C4-$D4),1)=(HI4-HJ4)/MAX(ABS(HI4-HJ4),1),1,TRUE,0)} | HN4: {=_xlfn.IFS($D4="","",AND(HL4=$C4,HM4=$D4),3,($C4-$D4)/MAX(ABS($C4-$D4),1)=(HL4-HM4)/MAX(ABS(HL4-HM4),1),1,TRUE,0)} | HQ4: {=_xlfn.IFS($D4="","",AND(HO4=$C4,HP4=$D4),3,($C4-$D4)/MAX(ABS($C4-$D4),1)=(HO4-HP4)/MAX(ABS(HO4-HP4),1),1,TRUE,0)} | HT4: {=_xlfn.IFS($D4="","",AND(HR4=$C4,HS4=$D4),3,($C4-$D4)/MAX(ABS($C4-$D4),1)=(HR4-HS4)/MAX(ABS(HR4-HS4),1),1,TRUE,0)} | HW4: {=_xlfn.IFS($D4="","",AND(HU4=$C4,HV4=$D4),3,($C4-$D4)/MAX(ABS($C4-$D4),1)=(HU4-HV4)/MAX(ABS(HU4-HV4),1),1,TRUE,0)} | HZ4: {=_xlfn.IFS($D4="","",AND(HX4=$C4,HY4=$D4),3,($C4-$D4)/MAX(ABS($C4-$D4),1)=(HX4-HY4)/MAX(ABS(HX4-HY4),1),1,TRUE,0)} | IC4: {=_xlfn.IFS($D4="","",AND(IA4=$C4,IB4=$D4),3,($C4-$D4)/MAX(ABS($C4-$D4),1)=(IA4-IB4)/MAX(ABS(IA4-IB4),1),1,TRUE,0)} | IF4: {=_xlfn.IFS($D4="","",AND(ID4=$C4,IE4=$D4),3,($C4-$D4)/MAX(ABS($C4-$D4),1)=(ID4-IE4)/MAX(ABS(ID4-IE4),1),1,TRUE,0)} | II4: {=_xlfn.IFS($D4="","",AND(IG4=$C4,IH4=$D4),3,($C4-$D4)/MAX(ABS($C4-$D4),1)=(IG4-IH4)/MAX(ABS(IG4-IH4),1),1,TRUE,0)} | IL4: {=_xlfn.IFS($D4="","",AND(IJ4=$C4,IK4=$D4),3,($C4-$D4)/MAX(ABS($C4-$D4),1)=(IJ4-IK4)/MAX(ABS(IJ4-IK4),1),1,TRUE,0)} | IO4: {=_xlfn.IFS($D4="","",AND(IM4=$C4,IN4=$D4),3,($C4-$D4)/MAX(ABS($C4-$D4),1)=(IM4-IN4)/MAX(ABS(IM4-IN4),1),1,TRUE,0)} | IR4: {=_xlfn.IFS($D4="","",AND(IP4=$C4,IQ4=$D4),3,($C4-$D4)/MAX(ABS($C4-$D4),1)=(IP4-IQ4)/MAX(ABS(IP4-IQ4),1),1,TRUE,0)} | IU4: {=_xlfn.IFS($D4="","",AND(IS4=$C4,IT4=$D4),3,($C4-$D4)/MAX(ABS($C4-$D4),1)=(IS4-IT4)/MAX(ABS(IS4-IT4),1),1,TRUE,0)} | IX4: {=_xlfn.IFS($D4="","",AND(IV4=$C4,IW4=$D4),3,($C4-$D4)/MAX(ABS($C4-$D4),1)=(IV4-IW4)/MAX(ABS(IV4-IW4),1),1,TRUE,0)} | JA4: {=_xlfn.IFS($D4="","",AND(IY4=$C4,IZ4=$D4),3,($C4-$D4)/MAX(ABS($C4-$D4),1)=(IY4-IZ4)/MAX(ABS(IY4-IZ4),1),1,TRUE,0)} | JD4: {=_xlfn.IFS($D4="","",AND(JB4=$C4,JC4=$D4),3,($C4-$D4)/MAX(ABS($C4-$D4),1)=(JB4-JC4)/MAX(ABS(JB4-JC4),1),1,TRUE,0)}
A5: 46185 | B5: Canada | C5: {=_xlfn.LET( _xlpm.x,_xlfn.XLOOKUP(1,(Scores_Fixtures[Date]=A5)*(Scores_Fixtures[Home.1]=B5),Scores_Fixtures[Score.1],""), IF(_xlpm.x="","",_xlpm.x) )} | D5: {=_xlfn.LET( _xlpm.x,_xlfn.XLOOKUP(1,(Scores_Fixtures[Date]=A5)*(Scores_Fixtures[Home.1]=B5),Scores_Fixtures[Score.2],""), IF(_xlpm.x="","",_xlpm.x) )} | E5: Bosnia Herzeg. | I5: {=_xlfn.IFS($D5="","",AND(G5=$C5,H5=$D5),3,($C5-$D5)/MAX(ABS($C5-$D5),1)=(G5-H5)/MAX(ABS(G5-H5),1),1,TRUE,0)} | L5: {=_xlfn.IFS($D5="","",AND(J5=$C5,K5=$D5),3,($C5-$D5)/MAX(ABS($C5-$D5),1)=(J5-K5)/MAX(ABS(J5-K5),1),1,TRUE,0)} | O5: {=_xlfn.IFS($D5="","",AND(M5=$C5,N5=$D5),3,($C5-$D5)/MAX(ABS($C5-$D5),1)=(M5-N5)/MAX(ABS(M5-N5),1),1,TRUE,0)} | R5: {=_xlfn.IFS($D5="","",AND(P5=$C5,Q5=$D5),3,($C5-$D5)/MAX(ABS($C5-$D5),1)=(P5-Q5)/MAX(ABS(P5-Q5),1),1,TRUE,0)} | U5: {=_xlfn.IFS($D5="","",AND(S5=$C5,T5=$D5),3,($C5-$D5)/MAX(ABS($C5-$D5),1)=(S5-T5)/MAX(ABS(S5-T5),1),1,TRUE,0)} | X5: {=_xlfn.IFS($D5="","",AND(V5=$C5,W5=$D5),3,($C5-$D5)/MAX(ABS($C5-$D5),1)=(V5-W5)/MAX(ABS(V5-W5),1),1,TRUE,0)} | AA5: {=_xlfn.IFS($D5="","",AND(Y5=$C5,Z5=$D5),3,($C5-$D5)/MAX(ABS($C5-$D5),1)=(Y5-Z5)/MAX(ABS(Y5-Z5),1),1,TRUE,0)} | AD5: {=_xlfn.IFS($D5="","",AND(AB5=$C5,AC5=$D5),3,($C5-$D5)/MAX(ABS($C5-$D5),1)=(AB5-AC5)/MAX(ABS(AB5-AC5),1),1,TRUE,0)} | AG5: {=_xlfn.IFS($D5="","",AND(AE5=$C5,AF5=$D5),3,($C5-$D5)/MAX(ABS($C5-$D5),1)=(AE5-AF5)/MAX(ABS(AE5-AF5),1),1,TRUE,0)} | AJ5: {=_xlfn.IFS($D5="","",AND(AH5=$C5,AI5=$D5),3,($C5-$D5)/MAX(ABS($C5-$D5),1)=(AH5-AI5)/MAX(ABS(AH5-AI5),1),1,TRUE,0)} | AM5: {=_xlfn.IFS($D5="","",AND(AK5=$C5,AL5=$D5),3,($C5-$D5)/MAX(ABS($C5-$D5),1)=(AK5-AL5)/MAX(ABS(AK5-AL5),1),1,TRUE,0)} | AP5: {=_xlfn.IFS($D5="","",AND(AN5=$C5,AO5=$D5),3,($C5-$D5)/MAX(ABS($C5-$D5),1)=(AN5-AO5)/MAX(ABS(AN5-AO5),1),1,TRUE,0)} | AS5: {=_xlfn.IFS($D5="","",AND(AQ5=$C5,AR5=$D5),3,($C5-$D5)/MAX(ABS($C5-$D5),1)=(AQ5-AR5)/MAX(ABS(AQ5-AR5),1),1,TRUE,0)} | AV5: {=_xlfn.IFS($D5="","",AND(AT5=$C5,AU5=$D5),3,($C5-$D5)/MAX(ABS($C5-$D5),1)=(AT5-AU5)/MAX(ABS(AT5-AU5),1),1,TRUE,0)} | AY5: {=_xlfn.IFS($D5="","",AND(AW5=$C5,AX5=$D5),3,($C5-$D5)/MAX(ABS($C5-$D5),1)=(AW5-AX5)/MAX(ABS(AW5-AX5),1),1,TRUE,0)} | BB5: {=_xlfn.IFS($D5="","",AND(AZ5=$C5,BA5=$D5),3,($C5-$D5)/MAX(ABS($C5-$D5),1)=(AZ5-BA5)/MAX(ABS(AZ5-BA5),1),1,TRUE,0)} | BE5: {=_xlfn.IFS($D5="","",AND(BC5=$C5,BD5=$D5),3,($C5-$D5)/MAX(ABS($C5-$D5),1)=(BC5-BD5)/MAX(ABS(BC5-BD5),1),1,TRUE,0)} | BH5: {=_xlfn.IFS($D5="","",AND(BF5=$C5,BG5=$D5),3,($C5-$D5)/MAX(ABS($C5-$D5),1)=(BF5-BG5)/MAX(ABS(BF5-BG5),1),1,TRUE,0)} | BK5: {=_xlfn.IFS($D5="","",AND(BI5=$C5,BJ5=$D5),3,($C5-$D5)/MAX(ABS($C5-$D5),1)=(BI5-BJ5)/MAX(ABS(BI5-BJ5),1),1,TRUE,0)} | BN5: {=_xlfn.IFS($D5="","",AND(BL5=$C5,BM5=$D5),3,($C5-$D5)/MAX(ABS($C5-$D5),1)=(BL5-BM5)/MAX(ABS(BL5-BM5),1),1,TRUE,0)} | BQ5: {=_xlfn.IFS($D5="","",AND(BO5=$C5,BP5=$D5),3,($C5-$D5)/MAX(ABS($C5-$D5),1)=(BO5-BP5)/MAX(ABS(BO5-BP5),1),1,TRUE,0)} | BT5: {=_xlfn.IFS($D5="","",AND(BR5=$C5,BS5=$D5),3,($C5-$D5)/MAX(ABS($C5-$D5),1)=(BR5-BS5)/MAX(ABS(BR5-BS5),1),1,TRUE,0)} | BW5: {=_xlfn.IFS($D5="","",AND(BU5=$C5,BV5=$D5),3,($C5-$D5)/MAX(ABS($C5-$D5),1)=(BU5-BV5)/MAX(ABS(BU5-BV5),1),1,TRUE,0)} | BZ5: {=_xlfn.IFS($D5="","",AND(BX5=$C5,BY5=$D5),3,($C5-$D5)/MAX(ABS($C5-$D5),1)=(BX5-BY5)/MAX(ABS(BX5-BY5),1),1,TRUE,0)} | CC5: {=_xlfn.IFS($D5="","",AND(CA5=$C5,CB5=$D5),3,($C5-$D5)/MAX(ABS($C5-$D5),1)=(CA5-CB5)/MAX(ABS(CA5-CB5),1),1,TRUE,0)} | CF5: {=_xlfn.IFS($D5="","",AND(CD5=$C5,CE5=$D5),3,($C5-$D5)/MAX(ABS($C5-$D5),1)=(CD5-CE5)/MAX(ABS(CD5-CE5),1),1,TRUE,0)} | CI5: {=_xlfn.IFS($D5="","",AND(CG5=$C5,CH5=$D5),3,($C5-$D5)/MAX(ABS($C5-$D5),1)=(CG5-CH5)/MAX(ABS(CG5-CH5),1),1,TRUE,0)} | CL5: {=_xlfn.IFS($D5="","",AND(CJ5=$C5,CK5=$D5),3,($C5-$D5)/MAX(ABS($C5-$D5),1)=(CJ5-CK5)/MAX(ABS(CJ5-CK5),1),1,TRUE,0)} | CO5: {=_xlfn.IFS($D5="","",AND(CM5=$C5,CN5=$D5),3,($C5-$D5)/MAX(ABS($C5-$D5),1)=(CM5-CN5)/MAX(ABS(CM5-CN5),1),1,TRUE,0)} | CR5: {=_xlfn.IFS($D5="","",AND(CP5=$C5,CQ5=$D5),3,($C5-$D5)/MAX(ABS($C5-$D5),1)=(CP5-CQ5)/MAX(ABS(CP5-CQ5),1),1,TRUE,0)} | CU5: {=_xlfn.IFS($D5="","",AND(CS5=$C5,CT5=$D5),3,($C5-$D5)/MAX(ABS($C5-$D5),1)=(CS5-CT5)/MAX(ABS(CS5-CT5),1),1,TRUE,0)} | CX5: {=_xlfn.IFS($D5="","",AND(CV5=$C5,CW5=$D5),3,($C5-$D5)/MAX(ABS($C5-$D5),1)=(CV5-CW5)/MAX(ABS(CV5-CW5),1),1,TRUE,0)} | DA5: {=_xlfn.IFS($D5="","",AND(CY5=$C5,CZ5=$D5),3,($C5-$D5)/MAX(ABS($C5-$D5),1)=(CY5-CZ5)/MAX(ABS(CY5-CZ5),1),1,TRUE,0)} | DD5: {=_xlfn.IFS($D5="","",AND(DB5=$C5,DC5=$D5),3,($C5-$D5)/MAX(ABS($C5-$D5),1)=(DB5-DC5)/MAX(ABS(DB5-DC5),1),1,TRUE,0)} | DG5: {=_xlfn.IFS($D5="","",AND(DE5=$C5,DF5=$D5),3,($C5-$D5)/MAX(ABS($C5-$D5),1)=(DE5-DF5)/MAX(ABS(DE5-DF5),1),1,TRUE,0)} | DJ5: {=_xlfn.IFS($D5="","",AND(DH5=$C5,DI5=$D5),3,($C5-$D5)/MAX(ABS($C5-$D5),1)=(DH5-DI5)/MAX(ABS(DH5-DI5),1),1,TRUE,0)} | DM5: {=_xlfn.IFS($D5="","",AND(DK5=$C5,DL5=$D5),3,($C5-$D5)/MAX(ABS($C5-$D5),1)=(DK5-DL5)/MAX(ABS(DK5-DL5),1),1,TRUE,0)} | DP5: {=_xlfn.IFS($D5="","",AND(DN5=$C5,DO5=$D5),3,($C5-$D5)/MAX(ABS($C5-$D5),1)=(DN5-DO5)/MAX(ABS(DN5-DO5),1),1,TRUE,0)} | DS5: {=_xlfn.IFS($D5="","",AND(DQ5=$C5,DR5=$D5),3,($C5-$D5)/MAX(ABS($C5-$D5),1)=(DQ5-DR5)/MAX(ABS(DQ5-DR5),1),1,TRUE,0)} | DV5: {=_xlfn.IFS($D5="","",AND(DT5=$C5,DU5=$D5),3,($C5-$D5)/MAX(ABS($C5-$D5),1)=(DT5-DU5)/MAX(ABS(DT5-DU5),1),1,TRUE,0)} | DY5: {=_xlfn.IFS($D5="","",AND(DW5=$C5,DX5=$D5),3,($C5-$D5)/MAX(ABS($C5-$D5),1)=(DW5-DX5)/MAX(ABS(DW5-DX5),1),1,TRUE,0)} | EB5: {=_xlfn.IFS($D5="","",AND(DZ5=$C5,EA5=$D5),3,($C5-$D5)/MAX(ABS($C5-$D5),1)=(DZ5-EA5)/MAX(ABS(DZ5-EA5),1),1,TRUE,0)} | EE5: {=_xlfn.IFS($D5="","",AND(EC5=$C5,ED5=$D5),3,($C5-$D5)/MAX(ABS($C5-$D5),1)=(EC5-ED5)/MAX(ABS(EC5-ED5),1),1,TRUE,0)} | EH5: {=_xlfn.IFS($D5="","",AND(EF5=$C5,EG5=$D5),3,($C5-$D5)/MAX(ABS($C5-$D5),1)=(EF5-EG5)/MAX(ABS(EF5-EG5),1),1,TRUE,0)} | EK5: {=_xlfn.IFS($D5="","",AND(EI5=$C5,EJ5=$D5),3,($C5-$D5)/MAX(ABS($C5-$D5),1)=(EI5-EJ5)/MAX(ABS(EI5-EJ5),1),1,TRUE,0)} | EN5: {=_xlfn.IFS($D5="","",AND(EL5=$C5,EM5=$D5),3,($C5-$D5)/MAX(ABS($C5-$D5),1)=(EL5-EM5)/MAX(ABS(EL5-EM5),1),1,TRUE,0)} | EQ5: {=_xlfn.IFS($D5="","",AND(EO5=$C5,EP5=$D5),3,($C5-$D5)/MAX(ABS($C5-$D5),1)=(EO5-EP5)/MAX(ABS(EO5-EP5),1),1,TRUE,0)} | ET5: {=_xlfn.IFS($D5="","",AND(ER5=$C5,ES5=$D5),3,($C5-$D5)/MAX(ABS($C5-$D5),1)=(ER5-ES5)/MAX(ABS(ER5-ES5),1),1,TRUE,0)} | EW5: {=_xlfn.IFS($D5="","",AND(EU5=$C5,EV5=$D5),3,($C5-$D5)/MAX(ABS($C5-$D5),1)=(EU5-EV5)/MAX(ABS(EU5-EV5),1),1,TRUE,0)} | EZ5: {=_xlfn.IFS($D5="","",AND(EX5=$C5,EY5=$D5),3,($C5-$D5)/MAX(ABS($C5-$D5),1)=(EX5-EY5)/MAX(ABS(EX5-EY5),1),1,TRUE,0)} | FC5: {=_xlfn.IFS($D5="","",AND(FA5=$C5,FB5=$D5),3,($C5-$D5)/MAX(ABS($C5-$D5),1)=(FA5-FB5)/MAX(ABS(FA5-FB5),1),1,TRUE,0)} | FF5: {=_xlfn.IFS($D5="","",AND(FD5=$C5,FE5=$D5),3,($C5-$D5)/MAX(ABS($C5-$D5),1)=(FD5-FE5)/MAX(ABS(FD5-FE5),1),1,TRUE,0)} | FI5: {=_xlfn.IFS($D5="","",AND(FG5=$C5,FH5=$D5),3,($C5-$D5)/MAX(ABS($C5-$D5),1)=(FG5-FH5)/MAX(ABS(FG5-FH5),1),1,TRUE,0)} | FL5: {=_xlfn.IFS($D5="","",AND(FJ5=$C5,FK5=$D5),3,($C5-$D5)/MAX(ABS($C5-$D5),1)=(FJ5-FK5)/MAX(ABS(FJ5-FK5),1),1,TRUE,0)} | FO5: {=_xlfn.IFS($D5="","",AND(FM5=$C5,FN5=$D5),3,($C5-$D5)/MAX(ABS($C5-$D5),1)=(FM5-FN5)/MAX(ABS(FM5-FN5),1),1,TRUE,0)} | FR5: {=_xlfn.IFS($D5="","",AND(FP5=$C5,FQ5=$D5),3,($C5-$D5)/MAX(ABS($C5-$D5),1)=(FP5-FQ5)/MAX(ABS(FP5-FQ5),1),1,TRUE,0)} | FU5: {=_xlfn.IFS($D5="","",AND(FS5=$C5,FT5=$D5),3,($C5-$D5)/MAX(ABS($C5-$D5),1)=(FS5-FT5)/MAX(ABS(FS5-FT5),1),1,TRUE,0)} | FX5: {=_xlfn.IFS($D5="","",AND(FV5=$C5,FW5=$D5),3,($C5-$D5)/MAX(ABS($C5-$D5),1)=(FV5-FW5)/MAX(ABS(FV5-FW5),1),1,TRUE,0)} | GA5: {=_xlfn.IFS($D5="","",AND(FY5=$C5,FZ5=$D5),3,($C5-$D5)/MAX(ABS($C5-$D5),1)=(FY5-FZ5)/MAX(ABS(FY5-FZ5),1),1,TRUE,0)} | GD5: {=_xlfn.IFS($D5="","",AND(GB5=$C5,GC5=$D5),3,($C5-$D5)/MAX(ABS($C5-$D5),1)=(GB5-GC5)/MAX(ABS(GB5-GC5),1),1,TRUE,0)} | GG5: {=_xlfn.IFS($D5="","",AND(GE5=$C5,GF5=$D5),3,($C5-$D5)/MAX(ABS($C5-$D5),1)=(GE5-GF5)/MAX(ABS(GE5-GF5),1),1,TRUE,0)} | GJ5: {=_xlfn.IFS($D5="","",AND(GH5=$C5,GI5=$D5),3,($C5-$D5)/MAX(ABS($C5-$D5),1)=(GH5-GI5)/MAX(ABS(GH5-GI5),1),1,TRUE,0)} | GM5: {=_xlfn.IFS($D5="","",AND(GK5=$C5,GL5=$D5),3,($C5-$D5)/MAX(ABS($C5-$D5),1)=(GK5-GL5)/MAX(ABS(GK5-GL5),1),1,TRUE,0)} | GP5: {=_xlfn.IFS($D5="","",AND(GN5=$C5,GO5=$D5),3,($C5-$D5)/MAX(ABS($C5-$D5),1)=(GN5-GO5)/MAX(ABS(GN5-GO5),1),1,TRUE,0)} | GS5: {=_xlfn.IFS($D5="","",AND(GQ5=$C5,GR5=$D5),3,($C5-$D5)/MAX(ABS($C5-$D5),1)=(GQ5-GR5)/MAX(ABS(GQ5-GR5),1),1,TRUE,0)} | GV5: {=_xlfn.IFS($D5="","",AND(GT5=$C5,GU5=$D5),3,($C5-$D5)/MAX(ABS($C5-$D5),1)=(GT5-GU5)/MAX(ABS(GT5-GU5),1),1,TRUE,0)} | GY5: {=_xlfn.IFS($D5="","",AND(GW5=$C5,GX5=$D5),3,($C5-$D5)/MAX(ABS($C5-$D5),1)=(GW5-GX5)/MAX(ABS(GW5-GX5),1),1,TRUE,0)} | HB5: {=_xlfn.IFS($D5="","",AND(GZ5=$C5,HA5=$D5),3,($C5-$D5)/MAX(ABS($C5-$D5),1)=(GZ5-HA5)/MAX(ABS(GZ5-HA5),1),1,TRUE,0)} | HE5: {=_xlfn.IFS($D5="","",AND(HC5=$C5,HD5=$D5),3,($C5-$D5)/MAX(ABS($C5-$D5),1)=(HC5-HD5)/MAX(ABS(HC5-HD5),1),1,TRUE,0)} | HH5: {=_xlfn.IFS($D5="","",AND(HF5=$C5,HG5=$D5),3,($C5-$D5)/MAX(ABS($C5-$D5),1)=(HF5-HG5)/MAX(ABS(HF5-HG5),1),1,TRUE,0)} | HK5: {=_xlfn.IFS($D5="","",AND(HI5=$C5,HJ5=$D5),3,($C5-$D5)/MAX(ABS($C5-$D5),1)=(HI5-HJ5)/MAX(ABS(HI5-HJ5),1),1,TRUE,0)} | HN5: {=_xlfn.IFS($D5="","",AND(HL5=$C5,HM5=$D5),3,($C5-$D5)/MAX(ABS($C5-$D5),1)=(HL5-HM5)/MAX(ABS(HL5-HM5),1),1,TRUE,0)} | HQ5: {=_xlfn.IFS($D5="","",AND(HO5=$C5,HP5=$D5),3,($C5-$D5)/MAX(ABS($C5-$D5),1)=(HO5-HP5)/MAX(ABS(HO5-HP5),1),1,TRUE,0)} | HT5: {=_xlfn.IFS($D5="","",AND(HR5=$C5,HS5=$D5),3,($C5-$D5)/MAX(ABS($C5-$D5),1)=(HR5-HS5)/MAX(ABS(HR5-HS5),1),1,TRUE,0)} | HW5: {=_xlfn.IFS($D5="","",AND(HU5=$C5,HV5=$D5),3,($C5-$D5)/MAX(ABS($C5-$D5),1)=(HU5-HV5)/MAX(ABS(HU5-HV5),1),1,TRUE,0)} | HZ5: {=_xlfn.IFS($D5="","",AND(HX5=$C5,HY5=$D5),3,($C5-$D5)/MAX(ABS($C5-$D5),1)=(HX5-HY5)/MAX(ABS(HX5-HY5),1),1,TRUE,0)} | IC5: {=_xlfn.IFS($D5="","",AND(IA5=$C5,IB5=$D5),3,($C5-$D5)/MAX(ABS($C5-$D5),1)=(IA5-IB5)/MAX(ABS(IA5-IB5),1),1,TRUE,0)} | IF5: {=_xlfn.IFS($D5="","",AND(ID5=$C5,IE5=$D5),3,($C5-$D5)/MAX(ABS($C5-$D5),1)=(ID5-IE5)/MAX(ABS(ID5-IE5),1),1,TRUE,0)} | II5: {=_xlfn.IFS($D5="","",AND(IG5=$C5,IH5=$D5),3,($C5-$D5)/MAX(ABS($C5-$D5),1)=(IG5-IH5)/MAX(ABS(IG5-IH5),1),1,TRUE,0)} | IL5: {=_xlfn.IFS($D5="","",AND(IJ5=$C5,IK5=$D5),3,($C5-$D5)/MAX(ABS($C5-$D5),1)=(IJ5-IK5)/MAX(ABS(IJ5-IK5),1),1,TRUE,0)} | IO5: {=_xlfn.IFS($D5="","",AND(IM5=$C5,IN5=$D5),3,($C5-$D5)/MAX(ABS($C5-$D5),1)=(IM5-IN5)/MAX(ABS(IM5-IN5),1),1,TRUE,0)} | IR5: {=_xlfn.IFS($D5="","",AND(IP5=$C5,IQ5=$D5),3,($C5-$D5)/MAX(ABS($C5-$D5),1)=(IP5-IQ5)/MAX(ABS(IP5-IQ5),1),1,TRUE,0)} | IU5: {=_xlfn.IFS($D5="","",AND(IS5=$C5,IT5=$D5),3,($C5-$D5)/MAX(ABS($C5-$D5),1)=(IS5-IT5)/MAX(ABS(IS5-IT5),1),1,TRUE,0)} | IX5: {=_xlfn.IFS($D5="","",AND(IV5=$C5,IW5=$D5),3,($C5-$D5)/MAX(ABS($C5-$D5),1)=(IV5-IW5)/MAX(ABS(IV5-IW5),1),1,TRUE,0)} | JA5: {=_xlfn.IFS($D5="","",AND(IY5=$C5,IZ5=$D5),3,($C5-$D5)/MAX(ABS($C5-$D5),1)=(IY5-IZ5)/MAX(ABS(IY5-IZ5),1),1,TRUE,0)} | JD5: {=_xlfn.IFS($D5="","",AND(JB5=$C5,JC5=$D5),3,($C5-$D5)/MAX(ABS($C5-$D5),1)=(JB5-JC5)/MAX(ABS(JB5-JC5),1),1,TRUE,0)}
A6: 46186 | B6: USA | C6: {=_xlfn.LET( _xlpm.x,_xlfn.XLOOKUP(1,(Scores_Fixtures[Date]=A6)*(Scores_Fixtures[Home.1]=B6),Scores_Fixtures[Score.1],""), IF(_xlpm.x="","",_xlpm.x) )} | D6: {=_xlfn.LET( _xlpm.x,_xlfn.XLOOKUP(1,(Scores_Fixtures[Date]=A6)*(Scores_Fixtures[Home.1]=B6),Scores_Fixtures[Score.2],""), IF(_xlpm.x="","",_xlpm.x) )} | E6: Paraguay | I6: {=_xlfn.IFS($D6="","",AND(G6=$C6,H6=$D6),3,($C6-$D6)/MAX(ABS($C6-$D6),1)=(G6-H6)/MAX(ABS(G6-H6),1),1,TRUE,0)} | L6: {=_xlfn.IFS($D6="","",AND(J6=$C6,K6=$D6),3,($C6-$D6)/MAX(ABS($C6-$D6),1)=(J6-K6)/MAX(ABS(J6-K6),1),1,TRUE,0)} | O6: {=_xlfn.IFS($D6="","",AND(M6=$C6,N6=$D6),3,($C6-$D6)/MAX(ABS($C6-$D6),1)=(M6-N6)/MAX(ABS(M6-N6),1),1,TRUE,0)} | R6: {=_xlfn.IFS($D6="","",AND(P6=$C6,Q6=$D6),3,($C6-$D6)/MAX(ABS($C6-$D6),1)=(P6-Q6)/MAX(ABS(P6-Q6),1),1,TRUE,0)} | U6: {=_xlfn.IFS($D6="","",AND(S6=$C6,T6=$D6),3,($C6-$D6)/MAX(ABS($C6-$D6),1)=(S6-T6)/MAX(ABS(S6-T6),1),1,TRUE,0)} | X6: {=_xlfn.IFS($D6="","",AND(V6=$C6,W6=$D6),3,($C6-$D6)/MAX(ABS($C6-$D6),1)=(V6-W6)/MAX(ABS(V6-W6),1),1,TRUE,0)} | AA6: {=_xlfn.IFS($D6="","",AND(Y6=$C6,Z6=$D6),3,($C6-$D6)/MAX(ABS($C6-$D6),1)=(Y6-Z6)/MAX(ABS(Y6-Z6),1),1,TRUE,0)} | AD6: {=_xlfn.IFS($D6="","",AND(AB6=$C6,AC6=$D6),3,($C6-$D6)/MAX(ABS($C6-$D6),1)=(AB6-AC6)/MAX(ABS(AB6-AC6),1),1,TRUE,0)} | AG6: {=_xlfn.IFS($D6="","",AND(AE6=$C6,AF6=$D6),3,($C6-$D6)/MAX(ABS($C6-$D6),1)=(AE6-AF6)/MAX(ABS(AE6-AF6),1),1,TRUE,0)} | AJ6: {=_xlfn.IFS($D6="","",AND(AH6=$C6,AI6=$D6),3,($C6-$D6)/MAX(ABS($C6-$D6),1)=(AH6-AI6)/MAX(ABS(AH6-AI6),1),1,TRUE,0)} | AM6: {=_xlfn.IFS($D6="","",AND(AK6=$C6,AL6=$D6),3,($C6-$D6)/MAX(ABS($C6-$D6),1)=(AK6-AL6)/MAX(ABS(AK6-AL6),1),1,TRUE,0)} | AP6: {=_xlfn.IFS($D6="","",AND(AN6=$C6,AO6=$D6),3,($C6-$D6)/MAX(ABS($C6-$D6),1)=(AN6-AO6)/MAX(ABS(AN6-AO6),1),1,TRUE,0)} | AS6: {=_xlfn.IFS($D6="","",AND(AQ6=$C6,AR6=$D6),3,($C6-$D6)/MAX(ABS($C6-$D6),1)=(AQ6-AR6)/MAX(ABS(AQ6-AR6),1),1,TRUE,0)} | AV6: {=_xlfn.IFS($D6="","",AND(AT6=$C6,AU6=$D6),3,($C6-$D6)/MAX(ABS($C6-$D6),1)=(AT6-AU6)/MAX(ABS(AT6-AU6),1),1,TRUE,0)} | AY6: {=_xlfn.IFS($D6="","",AND(AW6=$C6,AX6=$D6),3,($C6-$D6)/MAX(ABS($C6-$D6),1)=(AW6-AX6)/MAX(ABS(AW6-AX6),1),1,TRUE,0)} | BB6: {=_xlfn.IFS($D6="","",AND(AZ6=$C6,BA6=$D6),3,($C6-$D6)/MAX(ABS($C6-$D6),1)=(AZ6-BA6)/MAX(ABS(AZ6-BA6),1),1,TRUE,0)} | BE6: {=_xlfn.IFS($D6="","",AND(BC6=$C6,BD6=$D6),3,($C6-$D6)/MAX(ABS($C6-$D6),1)=(BC6-BD6)/MAX(ABS(BC6-BD6),1),1,TRUE,0)} | BH6: {=_xlfn.IFS($D6="","",AND(BF6=$C6,BG6=$D6),3,($C6-$D6)/MAX(ABS($C6-$D6),1)=(BF6-BG6)/MAX(ABS(BF6-BG6),1),1,TRUE,0)} | BK6: {=_xlfn.IFS($D6="","",AND(BI6=$C6,BJ6=$D6),3,($C6-$D6)/MAX(ABS($C6-$D6),1)=(BI6-BJ6)/MAX(ABS(BI6-BJ6),1),1,TRUE,0)} | BN6: {=_xlfn.IFS($D6="","",AND(BL6=$C6,BM6=$D6),3,($C6-$D6)/MAX(ABS($C6-$D6),1)=(BL6-BM6)/MAX(ABS(BL6-BM6),1),1,TRUE,0)} | BQ6: {=_xlfn.IFS($D6="","",AND(BO6=$C6,BP6=$D6),3,($C6-$D6)/MAX(ABS($C6-$D6),1)=(BO6-BP6)/MAX(ABS(BO6-BP6),1),1,TRUE,0)} | BT6: {=_xlfn.IFS($D6="","",AND(BR6=$C6,BS6=$D6),3,($C6-$D6)/MAX(ABS($C6-$D6),1)=(BR6-BS6)/MAX(ABS(BR6-BS6),1),1,TRUE,0)} | BW6: {=_xlfn.IFS($D6="","",AND(BU6=$C6,BV6=$D6),3,($C6-$D6)/MAX(ABS($C6-$D6),1)=(BU6-BV6)/MAX(ABS(BU6-BV6),1),1,TRUE,0)} | BZ6: {=_xlfn.IFS($D6="","",AND(BX6=$C6,BY6=$D6),3,($C6-$D6)/MAX(ABS($C6-$D6),1)=(BX6-BY6)/MAX(ABS(BX6-BY6),1),1,TRUE,0)} | CC6: {=_xlfn.IFS($D6="","",AND(CA6=$C6,CB6=$D6),3,($C6-$D6)/MAX(ABS($C6-$D6),1)=(CA6-CB6)/MAX(ABS(CA6-CB6),1),1,TRUE,0)} | CF6: {=_xlfn.IFS($D6="","",AND(CD6=$C6,CE6=$D6),3,($C6-$D6)/MAX(ABS($C6-$D6),1)=(CD6-CE6)/MAX(ABS(CD6-CE6),1),1,TRUE,0)} | CI6: {=_xlfn.IFS($D6="","",AND(CG6=$C6,CH6=$D6),3,($C6-$D6)/MAX(ABS($C6-$D6),1)=(CG6-CH6)/MAX(ABS(CG6-CH6),1),1,TRUE,0)} | CL6: {=_xlfn.IFS($D6="","",AND(CJ6=$C6,CK6=$D6),3,($C6-$D6)/MAX(ABS($C6-$D6),1)=(CJ6-CK6)/MAX(ABS(CJ6-CK6),1),1,TRUE,0)} | CO6: {=_xlfn.IFS($D6="","",AND(CM6=$C6,CN6=$D6),3,($C6-$D6)/MAX(ABS($C6-$D6),1)=(CM6-CN6)/MAX(ABS(CM6-CN6),1),1,TRUE,0)} | CR6: {=_xlfn.IFS($D6="","",AND(CP6=$C6,CQ6=$D6),3,($C6-$D6)/MAX(ABS($C6-$D6),1)=(CP6-CQ6)/MAX(ABS(CP6-CQ6),1),1,TRUE,0)} | CU6: {=_xlfn.IFS($D6="","",AND(CS6=$C6,CT6=$D6),3,($C6-$D6)/MAX(ABS($C6-$D6),1)=(CS6-CT6)/MAX(ABS(CS6-CT6),1),1,TRUE,0)} | CX6: {=_xlfn.IFS($D6="","",AND(CV6=$C6,CW6=$D6),3,($C6-$D6)/MAX(ABS($C6-$D6),1)=(CV6-CW6)/MAX(ABS(CV6-CW6),1),1,TRUE,0)} | DA6: {=_xlfn.IFS($D6="","",AND(CY6=$C6,CZ6=$D6),3,($C6-$D6)/MAX(ABS($C6-$D6),1)=(CY6-CZ6)/MAX(ABS(CY6-CZ6),1),1,TRUE,0)} | DD6: {=_xlfn.IFS($D6="","",AND(DB6=$C6,DC6=$D6),3,($C6-$D6)/MAX(ABS($C6-$D6),1)=(DB6-DC6)/MAX(ABS(DB6-DC6),1),1,TRUE,0)} | DG6: {=_xlfn.IFS($D6="","",AND(DE6=$C6,DF6=$D6),3,($C6-$D6)/MAX(ABS($C6-$D6),1)=(DE6-DF6)/MAX(ABS(DE6-DF6),1),1,TRUE,0)} | DJ6: {=_xlfn.IFS($D6="","",AND(DH6=$C6,DI6=$D6),3,($C6-$D6)/MAX(ABS($C6-$D6),1)=(DH6-DI6)/MAX(ABS(DH6-DI6),1),1,TRUE,0)} | DM6: {=_xlfn.IFS($D6="","",AND(DK6=$C6,DL6=$D6),3,($C6-$D6)/MAX(ABS($C6-$D6),1)=(DK6-DL6)/MAX(ABS(DK6-DL6),1),1,TRUE,0)} | DP6: {=_xlfn.IFS($D6="","",AND(DN6=$C6,DO6=$D6),3,($C6-$D6)/MAX(ABS($C6-$D6),1)=(DN6-DO6)/MAX(ABS(DN6-DO6),1),1,TRUE,0)} | DS6: {=_xlfn.IFS($D6="","",AND(DQ6=$C6,DR6=$D6),3,($C6-$D6)/MAX(ABS($C6-$D6),1)=(DQ6-DR6)/MAX(ABS(DQ6-DR6),1),1,TRUE,0)} | DV6: {=_xlfn.IFS($D6="","",AND(DT6=$C6,DU6=$D6),3,($C6-$D6)/MAX(ABS($C6-$D6),1)=(DT6-DU6)/MAX(ABS(DT6-DU6),1),1,TRUE,0)} | DY6: {=_xlfn.IFS($D6="","",AND(DW6=$C6,DX6=$D6),3,($C6-$D6)/MAX(ABS($C6-$D6),1)=(DW6-DX6)/MAX(ABS(DW6-DX6),1),1,TRUE,0)} | EB6: {=_xlfn.IFS($D6="","",AND(DZ6=$C6,EA6=$D6),3,($C6-$D6)/MAX(ABS($C6-$D6),1)=(DZ6-EA6)/MAX(ABS(DZ6-EA6),1),1,TRUE,0)} | EE6: {=_xlfn.IFS($D6="","",AND(EC6=$C6,ED6=$D6),3,($C6-$D6)/MAX(ABS($C6-$D6),1)=(EC6-ED6)/MAX(ABS(EC6-ED6),1),1,TRUE,0)} | EH6: {=_xlfn.IFS($D6="","",AND(EF6=$C6,EG6=$D6),3,($C6-$D6)/MAX(ABS($C6-$D6),1)=(EF6-EG6)/MAX(ABS(EF6-EG6),1),1,TRUE,0)} | EK6: {=_xlfn.IFS($D6="","",AND(EI6=$C6,EJ6=$D6),3,($C6-$D6)/MAX(ABS($C6-$D6),1)=(EI6-EJ6)/MAX(ABS(EI6-EJ6),1),1,TRUE,0)} | EN6: {=_xlfn.IFS($D6="","",AND(EL6=$C6,EM6=$D6),3,($C6-$D6)/MAX(ABS($C6-$D6),1)=(EL6-EM6)/MAX(ABS(EL6-EM6),1),1,TRUE,0)} | EQ6: {=_xlfn.IFS($D6="","",AND(EO6=$C6,EP6=$D6),3,($C6-$D6)/MAX(ABS($C6-$D6),1)=(EO6-EP6)/MAX(ABS(EO6-EP6),1),1,TRUE,0)} | ET6: {=_xlfn.IFS($D6="","",AND(ER6=$C6,ES6=$D6),3,($C6-$D6)/MAX(ABS($C6-$D6),1)=(ER6-ES6)/MAX(ABS(ER6-ES6),1),1,TRUE,0)} | EW6: {=_xlfn.IFS($D6="","",AND(EU6=$C6,EV6=$D6),3,($C6-$D6)/MAX(ABS($C6-$D6),1)=(EU6-EV6)/MAX(ABS(EU6-EV6),1),1,TRUE,0)} | EZ6: {=_xlfn.IFS($D6="","",AND(EX6=$C6,EY6=$D6),3,($C6-$D6)/MAX(ABS($C6-$D6),1)=(EX6-EY6)/MAX(ABS(EX6-EY6),1),1,TRUE,0)} | FC6: {=_xlfn.IFS($D6="","",AND(FA6=$C6,FB6=$D6),3,($C6-$D6)/MAX(ABS($C6-$D6),1)=(FA6-FB6)/MAX(ABS(FA6-FB6),1),1,TRUE,0)} | FF6: {=_xlfn.IFS($D6="","",AND(FD6=$C6,FE6=$D6),3,($C6-$D6)/MAX(ABS($C6-$D6),1)=(FD6-FE6)/MAX(ABS(FD6-FE6),1),1,TRUE,0)} | FI6: {=_xlfn.IFS($D6="","",AND(FG6=$C6,FH6=$D6),3,($C6-$D6)/MAX(ABS($C6-$D6),1)=(FG6-FH6)/MAX(ABS(FG6-FH6),1),1,TRUE,0)} | FL6: {=_xlfn.IFS($D6="","",AND(FJ6=$C6,FK6=$D6),3,($C6-$D6)/MAX(ABS($C6-$D6),1)=(FJ6-FK6)/MAX(ABS(FJ6-FK6),1),1,TRUE,0)} | FO6: {=_xlfn.IFS($D6="","",AND(FM6=$C6,FN6=$D6),3,($C6-$D6)/MAX(ABS($C6-$D6),1)=(FM6-FN6)/MAX(ABS(FM6-FN6),1),1,TRUE,0)} | FR6: {=_xlfn.IFS($D6="","",AND(FP6=$C6,FQ6=$D6),3,($C6-$D6)/MAX(ABS($C6-$D6),1)=(FP6-FQ6)/MAX(ABS(FP6-FQ6),1),1,TRUE,0)} | FU6: {=_xlfn.IFS($D6="","",AND(FS6=$C6,FT6=$D6),3,($C6-$D6)/MAX(ABS($C6-$D6),1)=(FS6-FT6)/MAX(ABS(FS6-FT6),1),1,TRUE,0)} | FX6: {=_xlfn.IFS($D6="","",AND(FV6=$C6,FW6=$D6),3,($C6-$D6)/MAX(ABS($C6-$D6),1)=(FV6-FW6)/MAX(ABS(FV6-FW6),1),1,TRUE,0)} | GA6: {=_xlfn.IFS($D6="","",AND(FY6=$C6,FZ6=$D6),3,($C6-$D6)/MAX(ABS($C6-$D6),1)=(FY6-FZ6)/MAX(ABS(FY6-FZ6),1),1,TRUE,0)} | GD6: {=_xlfn.IFS($D6="","",AND(GB6=$C6,GC6=$D6),3,($C6-$D6)/MAX(ABS($C6-$D6),1)=(GB6-GC6)/MAX(ABS(GB6-GC6),1),1,TRUE,0)} | GG6: {=_xlfn.IFS($D6="","",AND(GE6=$C6,GF6=$D6),3,($C6-$D6)/MAX(ABS($C6-$D6),1)=(GE6-GF6)/MAX(ABS(GE6-GF6),1),1,TRUE,0)} | GJ6: {=_xlfn.IFS($D6="","",AND(GH6=$C6,GI6=$D6),3,($C6-$D6)/MAX(ABS($C6-$D6),1)=(GH6-GI6)/MAX(ABS(GH6-GI6),1),1,TRUE,0)} | GM6: {=_xlfn.IFS($D6="","",AND(GK6=$C6,GL6=$D6),3,($C6-$D6)/MAX(ABS($C6-$D6),1)=(GK6-GL6)/MAX(ABS(GK6-GL6),1),1,TRUE,0)} | GP6: {=_xlfn.IFS($D6="","",AND(GN6=$C6,GO6=$D6),3,($C6-$D6)/MAX(ABS($C6-$D6),1)=(GN6-GO6)/MAX(ABS(GN6-GO6),1),1,TRUE,0)} | GS6: {=_xlfn.IFS($D6="","",AND(GQ6=$C6,GR6=$D6),3,($C6-$D6)/MAX(ABS($C6-$D6),1)=(GQ6-GR6)/MAX(ABS(GQ6-GR6),1),1,TRUE,0)} | GV6: {=_xlfn.IFS($D6="","",AND(GT6=$C6,GU6=$D6),3,($C6-$D6)/MAX(ABS($C6-$D6),1)=(GT6-GU6)/MAX(ABS(GT6-GU6),1),1,TRUE,0)} | GY6: {=_xlfn.IFS($D6="","",AND(GW6=$C6,GX6=$D6),3,($C6-$D6)/MAX(ABS($C6-$D6),1)=(GW6-GX6)/MAX(ABS(GW6-GX6),1),1,TRUE,0)} | HB6: {=_xlfn.IFS($D6="","",AND(GZ6=$C6,HA6=$D6),3,($C6-$D6)/MAX(ABS($C6-$D6),1)=(GZ6-HA6)/MAX(ABS(GZ6-HA6),1),1,TRUE,0)} | HE6: {=_xlfn.IFS($D6="","",AND(HC6=$C6,HD6=$D6),3,($C6-$D6)/MAX(ABS($C6-$D6),1)=(HC6-HD6)/MAX(ABS(HC6-HD6),1),1,TRUE,0)} | HH6: {=_xlfn.IFS($D6="","",AND(HF6=$C6,HG6=$D6),3,($C6-$D6)/MAX(ABS($C6-$D6),1)=(HF6-HG6)/MAX(ABS(HF6-HG6),1),1,TRUE,0)} | HK6: {=_xlfn.IFS($D6="","",AND(HI6=$C6,HJ6=$D6),3,($C6-$D6)/MAX(ABS($C6-$D6),1)=(HI6-HJ6)/MAX(ABS(HI6-HJ6),1),1,TRUE,0)} | HN6: {=_xlfn.IFS($D6="","",AND(HL6=$C6,HM6=$D6),3,($C6-$D6)/MAX(ABS($C6-$D6),1)=(HL6-HM6)/MAX(ABS(HL6-HM6),1),1,TRUE,0)} | HQ6: {=_xlfn.IFS($D6="","",AND(HO6=$C6,HP6=$D6),3,($C6-$D6)/MAX(ABS($C6-$D6),1)=(HO6-HP6)/MAX(ABS(HO6-HP6),1),1,TRUE,0)} | HT6: {=_xlfn.IFS($D6="","",AND(HR6=$C6,HS6=$D6),3,($C6-$D6)/MAX(ABS($C6-$D6),1)=(HR6-HS6)/MAX(ABS(HR6-HS6),1),1,TRUE,0)} | HW6: {=_xlfn.IFS($D6="","",AND(HU6=$C6,HV6=$D6),3,($C6-$D6)/MAX(ABS($C6-$D6),1)=(HU6-HV6)/MAX(ABS(HU6-HV6),1),1,TRUE,0)} | HZ6: {=_xlfn.IFS($D6="","",AND(HX6=$C6,HY6=$D6),3,($C6-$D6)/MAX(ABS($C6-$D6),1)=(HX6-HY6)/MAX(ABS(HX6-HY6),1),1,TRUE,0)} | IC6: {=_xlfn.IFS($D6="","",AND(IA6=$C6,IB6=$D6),3,($C6-$D6)/MAX(ABS($C6-$D6),1)=(IA6-IB6)/MAX(ABS(IA6-IB6),1),1,TRUE,0)} | IF6: {=_xlfn.IFS($D6="","",AND(ID6=$C6,IE6=$D6),3,($C6-$D6)/MAX(ABS($C6-$D6),1)=(ID6-IE6)/MAX(ABS(ID6-IE6),1),1,TRUE,0)} | II6: {=_xlfn.IFS($D6="","",AND(IG6=$C6,IH6=$D6),3,($C6-$D6)/MAX(ABS($C6-$D6),1)=(IG6-IH6)/MAX(ABS(IG6-IH6),1),1,TRUE,0)} | IL6: {=_xlfn.IFS($D6="","",AND(IJ6=$C6,IK6=$D6),3,($C6-$D6)/MAX(ABS($C6-$D6),1)=(IJ6-IK6)/MAX(ABS(IJ6-IK6),1),1,TRUE,0)} | IO6: {=_xlfn.IFS($D6="","",AND(IM6=$C6,IN6=$D6),3,($C6-$D6)/MAX(ABS($C6-$D6),1)=(IM6-IN6)/MAX(ABS(IM6-IN6),1),1,TRUE,0)} | IR6: {=_xlfn.IFS($D6="","",AND(IP6=$C6,IQ6=$D6),3,($C6-$D6)/MAX(ABS($C6-$D6),1)=(IP6-IQ6)/MAX(ABS(IP6-IQ6),1),1,TRUE,0)} | IU6: {=_xlfn.IFS($D6="","",AND(IS6=$C6,IT6=$D6),3,($C6-$D6)/MAX(ABS($C6-$D6),1)=(IS6-IT6)/MAX(ABS(IS6-IT6),1),1,TRUE,0)} | IX6: {=_xlfn.IFS($D6="","",AND(IV6=$C6,IW6=$D6),3,($C6-$D6)/MAX(ABS($C6-$D6),1)=(IV6-IW6)/MAX(ABS(IV6-IW6),1),1,TRUE,0)} | JA6: {=_xlfn.IFS($D6="","",AND(IY6=$C6,IZ6=$D6),3,($C6-$D6)/MAX(ABS($C6-$D6),1)=(IY6-IZ6)/MAX(ABS(IY6-IZ6),1),1,TRUE,0)} | JD6: {=_xlfn.IFS($D6="","",AND(JB6=$C6,JC6=$D6),3,($C6-$D6)/MAX(ABS($C6-$D6),1)=(JB6-JC6)/MAX(ABS(JB6-JC6),1),1,TRUE,0)}
A7: 46186 | B7: Qatar | C7: {=_xlfn.LET( _xlpm.x,_xlfn.XLOOKUP(1,(Scores_Fixtures[Date]=A7)*(Scores_Fixtures[Home.1]=B7),Scores_Fixtures[Score.1],""), IF(_xlpm.x="","",_xlpm.x) )} | D7: {=_xlfn.LET( _xlpm.x,_xlfn.XLOOKUP(1,(Scores_Fixtures[Date]=A7)*(Scores_Fixtures[Home.1]=B7),Scores_Fixtures[Score.2],""), IF(_xlpm.x="","",_xlpm.x) )} | E7: Switzerland | I7: {=_xlfn.IFS($D7="","",AND(G7=$C7,H7=$D7),3,($C7-$D7)/MAX(ABS($C7-$D7),1)=(G7-H7)/MAX(ABS(G7-H7),1),1,TRUE,0)} | L7: {=_xlfn.IFS($D7="","",AND(J7=$C7,K7=$D7),3,($C7-$D7)/MAX(ABS($C7-$D7),1)=(J7-K7)/MAX(ABS(J7-K7),1),1,TRUE,0)} | O7: {=_xlfn.IFS($D7="","",AND(M7=$C7,N7=$D7),3,($C7-$D7)/MAX(ABS($C7-$D7),1)=(M7-N7)/MAX(ABS(M7-N7),1),1,TRUE,0)} | R7: {=_xlfn.IFS($D7="","",AND(P7=$C7,Q7=$D7),3,($C7-$D7)/MAX(ABS($C7-$D7),1)=(P7-Q7)/MAX(ABS(P7-Q7),1),1,TRUE,0)} | U7: {=_xlfn.IFS($D7="","",AND(S7=$C7,T7=$D7),3,($C7-$D7)/MAX(ABS($C7-$D7),1)=(S7-T7)/MAX(ABS(S7-T7),1),1,TRUE,0)} | X7: {=_xlfn.IFS($D7="","",AND(V7=$C7,W7=$D7),3,($C7-$D7)/MAX(ABS($C7-$D7),1)=(V7-W7)/MAX(ABS(V7-W7),1),1,TRUE,0)} | AA7: {=_xlfn.IFS($D7="","",AND(Y7=$C7,Z7=$D7),3,($C7-$D7)/MAX(ABS($C7-$D7),1)=(Y7-Z7)/MAX(ABS(Y7-Z7),1),1,TRUE,0)} | AD7: {=_xlfn.IFS($D7="","",AND(AB7=$C7,AC7=$D7),3,($C7-$D7)/MAX(ABS($C7-$D7),1)=(AB7-AC7)/MAX(ABS(AB7-AC7),1),1,TRUE,0)} | AG7: {=_xlfn.IFS($D7="","",AND(AE7=$C7,AF7=$D7),3,($C7-$D7)/MAX(ABS($C7-$D7),1)=(AE7-AF7)/MAX(ABS(AE7-AF7),1),1,TRUE,0)} | AJ7: {=_xlfn.IFS($D7="","",AND(AH7=$C7,AI7=$D7),3,($C7-$D7)/MAX(ABS($C7-$D7),1)=(AH7-AI7)/MAX(ABS(AH7-AI7),1),1,TRUE,0)} | AM7: {=_xlfn.IFS($D7="","",AND(AK7=$C7,AL7=$D7),3,($C7-$D7)/MAX(ABS($C7-$D7),1)=(AK7-AL7)/MAX(ABS(AK7-AL7),1),1,TRUE,0)} | AP7: {=_xlfn.IFS($D7="","",AND(AN7=$C7,AO7=$D7),3,($C7-$D7)/MAX(ABS($C7-$D7),1)=(AN7-AO7)/MAX(ABS(AN7-AO7),1),1,TRUE,0)} | AS7: {=_xlfn.IFS($D7="","",AND(AQ7=$C7,AR7=$D7),3,($C7-$D7)/MAX(ABS($C7-$D7),1)=(AQ7-AR7)/MAX(ABS(AQ7-AR7),1),1,TRUE,0)} | AV7: {=_xlfn.IFS($D7="","",AND(AT7=$C7,AU7=$D7),3,($C7-$D7)/MAX(ABS($C7-$D7),1)=(AT7-AU7)/MAX(ABS(AT7-AU7),1),1,TRUE,0)} | AY7: {=_xlfn.IFS($D7="","",AND(AW7=$C7,AX7=$D7),3,($C7-$D7)/MAX(ABS($C7-$D7),1)=(AW7-AX7)/MAX(ABS(AW7-AX7),1),1,TRUE,0)} | BB7: {=_xlfn.IFS($D7="","",AND(AZ7=$C7,BA7=$D7),3,($C7-$D7)/MAX(ABS($C7-$D7),1)=(AZ7-BA7)/MAX(ABS(AZ7-BA7),1),1,TRUE,0)} | BE7: {=_xlfn.IFS($D7="","",AND(BC7=$C7,BD7=$D7),3,($C7-$D7)/MAX(ABS($C7-$D7),1)=(BC7-BD7)/MAX(ABS(BC7-BD7),1),1,TRUE,0)} | BH7: {=_xlfn.IFS($D7="","",AND(BF7=$C7,BG7=$D7),3,($C7-$D7)/MAX(ABS($C7-$D7),1)=(BF7-BG7)/MAX(ABS(BF7-BG7),1),1,TRUE,0)} | BK7: {=_xlfn.IFS($D7="","",AND(BI7=$C7,BJ7=$D7),3,($C7-$D7)/MAX(ABS($C7-$D7),1)=(BI7-BJ7)/MAX(ABS(BI7-BJ7),1),1,TRUE,0)} | BN7: {=_xlfn.IFS($D7="","",AND(BL7=$C7,BM7=$D7),3,($C7-$D7)/MAX(ABS($C7-$D7),1)=(BL7-BM7)/MAX(ABS(BL7-BM7),1),1,TRUE,0)} | BQ7: {=_xlfn.IFS($D7="","",AND(BO7=$C7,BP7=$D7),3,($C7-$D7)/MAX(ABS($C7-$D7),1)=(BO7-BP7)/MAX(ABS(BO7-BP7),1),1,TRUE,0)} | BT7: {=_xlfn.IFS($D7="","",AND(BR7=$C7,BS7=$D7),3,($C7-$D7)/MAX(ABS($C7-$D7),1)=(BR7-BS7)/MAX(ABS(BR7-BS7),1),1,TRUE,0)} | BW7: {=_xlfn.IFS($D7="","",AND(BU7=$C7,BV7=$D7),3,($C7-$D7)/MAX(ABS($C7-$D7),1)=(BU7-BV7)/MAX(ABS(BU7-BV7),1),1,TRUE,0)} | BZ7: {=_xlfn.IFS($D7="","",AND(BX7=$C7,BY7=$D7),3,($C7-$D7)/MAX(ABS($C7-$D7),1)=(BX7-BY7)/MAX(ABS(BX7-BY7),1),1,TRUE,0)} | CC7: {=_xlfn.IFS($D7="","",AND(CA7=$C7,CB7=$D7),3,($C7-$D7)/MAX(ABS($C7-$D7),1)=(CA7-CB7)/MAX(ABS(CA7-CB7),1),1,TRUE,0)} | CF7: {=_xlfn.IFS($D7="","",AND(CD7=$C7,CE7=$D7),3,($C7-$D7)/MAX(ABS($C7-$D7),1)=(CD7-CE7)/MAX(ABS(CD7-CE7),1),1,TRUE,0)} | CI7: {=_xlfn.IFS($D7="","",AND(CG7=$C7,CH7=$D7),3,($C7-$D7)/MAX(ABS($C7-$D7),1)=(CG7-CH7)/MAX(ABS(CG7-CH7),1),1,TRUE,0)} | CL7: {=_xlfn.IFS($D7="","",AND(CJ7=$C7,CK7=$D7),3,($C7-$D7)/MAX(ABS($C7-$D7),1)=(CJ7-CK7)/MAX(ABS(CJ7-CK7),1),1,TRUE,0)} | CO7: {=_xlfn.IFS($D7="","",AND(CM7=$C7,CN7=$D7),3,($C7-$D7)/MAX(ABS($C7-$D7),1)=(CM7-CN7)/MAX(ABS(CM7-CN7),1),1,TRUE,0)} | CR7: {=_xlfn.IFS($D7="","",AND(CP7=$C7,CQ7=$D7),3,($C7-$D7)/MAX(ABS($C7-$D7),1)=(CP7-CQ7)/MAX(ABS(CP7-CQ7),1),1,TRUE,0)} | CU7: {=_xlfn.IFS($D7="","",AND(CS7=$C7,CT7=$D7),3,($C7-$D7)/MAX(ABS($C7-$D7),1)=(CS7-CT7)/MAX(ABS(CS7-CT7),1),1,TRUE,0)} | CX7: {=_xlfn.IFS($D7="","",AND(CV7=$C7,CW7=$D7),3,($C7-$D7)/MAX(ABS($C7-$D7),1)=(CV7-CW7)/MAX(ABS(CV7-CW7),1),1,TRUE,0)} | DA7: {=_xlfn.IFS($D7="","",AND(CY7=$C7,CZ7=$D7),3,($C7-$D7)/MAX(ABS($C7-$D7),1)=(CY7-CZ7)/MAX(ABS(CY7-CZ7),1),1,TRUE,0)} | DD7: {=_xlfn.IFS($D7="","",AND(DB7=$C7,DC7=$D7),3,($C7-$D7)/MAX(ABS($C7-$D7),1)=(DB7-DC7)/MAX(ABS(DB7-DC7),1),1,TRUE,0)} | DG7: {=_xlfn.IFS($D7="","",AND(DE7=$C7,DF7=$D7),3,($C7-$D7)/MAX(ABS($C7-$D7),1)=(DE7-DF7)/MAX(ABS(DE7-DF7),1),1,TRUE,0)} | DJ7: {=_xlfn.IFS($D7="","",AND(DH7=$C7,DI7=$D7),3,($C7-$D7)/MAX(ABS($C7-$D7),1)=(DH7-DI7)/MAX(ABS(DH7-DI7),1),1,TRUE,0)} | DM7: {=_xlfn.IFS($D7="","",AND(DK7=$C7,DL7=$D7),3,($C7-$D7)/MAX(ABS($C7-$D7),1)=(DK7-DL7)/MAX(ABS(DK7-DL7),1),1,TRUE,0)} | DP7: {=_xlfn.IFS($D7="","",AND(DN7=$C7,DO7=$D7),3,($C7-$D7)/MAX(ABS($C7-$D7),1)=(DN7-DO7)/MAX(ABS(DN7-DO7),1),1,TRUE,0)} | DS7: {=_xlfn.IFS($D7="","",AND(DQ7=$C7,DR7=$D7),3,($C7-$D7)/MAX(ABS($C7-$D7),1)=(DQ7-DR7)/MAX(ABS(DQ7-DR7),1),1,TRUE,0)} | DV7: {=_xlfn.IFS($D7="","",AND(DT7=$C7,DU7=$D7),3,($C7-$D7)/MAX(ABS($C7-$D7),1)=(DT7-DU7)/MAX(ABS(DT7-DU7),1),1,TRUE,0)} | DY7: {=_xlfn.IFS($D7="","",AND(DW7=$C7,DX7=$D7),3,($C7-$D7)/MAX(ABS($C7-$D7),1)=(DW7-DX7)/MAX(ABS(DW7-DX7),1),1,TRUE,0)} | EB7: {=_xlfn.IFS($D7="","",AND(DZ7=$C7,EA7=$D7),3,($C7-$D7)/MAX(ABS($C7-$D7),1)=(DZ7-EA7)/MAX(ABS(DZ7-EA7),1),1,TRUE,0)} | EE7: {=_xlfn.IFS($D7="","",AND(EC7=$C7,ED7=$D7),3,($C7-$D7)/MAX(ABS($C7-$D7),1)=(EC7-ED7)/MAX(ABS(EC7-ED7),1),1,TRUE,0)} | EH7: {=_xlfn.IFS($D7="","",AND(EF7=$C7,EG7=$D7),3,($C7-$D7)/MAX(ABS($C7-$D7),1)=(EF7-EG7)/MAX(ABS(EF7-EG7),1),1,TRUE,0)} | EK7: {=_xlfn.IFS($D7="","",AND(EI7=$C7,EJ7=$D7),3,($C7-$D7)/MAX(ABS($C7-$D7),1)=(EI7-EJ7)/MAX(ABS(EI7-EJ7),1),1,TRUE,0)} | EN7: {=_xlfn.IFS($D7="","",AND(EL7=$C7,EM7=$D7),3,($C7-$D7)/MAX(ABS($C7-$D7),1)=(EL7-EM7)/MAX(ABS(EL7-EM7),1),1,TRUE,0)} | EQ7: {=_xlfn.IFS($D7="","",AND(EO7=$C7,EP7=$D7),3,($C7-$D7)/MAX(ABS($C7-$D7),1)=(EO7-EP7)/MAX(ABS(EO7-EP7),1),1,TRUE,0)} | ET7: {=_xlfn.IFS($D7="","",AND(ER7=$C7,ES7=$D7),3,($C7-$D7)/MAX(ABS($C7-$D7),1)=(ER7-ES7)/MAX(ABS(ER7-ES7),1),1,TRUE,0)} | EW7: {=_xlfn.IFS($D7="","",AND(EU7=$C7,EV7=$D7),3,($C7-$D7)/MAX(ABS($C7-$D7),1)=(EU7-EV7)/MAX(ABS(EU7-EV7),1),1,TRUE,0)} | EZ7: {=_xlfn.IFS($D7="","",AND(EX7=$C7,EY7=$D7),3,($C7-$D7)/MAX(ABS($C7-$D7),1)=(EX7-EY7)/MAX(ABS(EX7-EY7),1),1,TRUE,0)} | FC7: {=_xlfn.IFS($D7="","",AND(FA7=$C7,FB7=$D7),3,($C7-$D7)/MAX(ABS($C7-$D7),1)=(FA7-FB7)/MAX(ABS(FA7-FB7),1),1,TRUE,0)} | FF7: {=_xlfn.IFS($D7="","",AND(FD7=$C7,FE7=$D7),3,($C7-$D7)/MAX(ABS($C7-$D7),1)=(FD7-FE7)/MAX(ABS(FD7-FE7),1),1,TRUE,0)} | FI7: {=_xlfn.IFS($D7="","",AND(FG7=$C7,FH7=$D7),3,($C7-$D7)/MAX(ABS($C7-$D7),1)=(FG7-FH7)/MAX(ABS(FG7-FH7),1),1,TRUE,0)} | FL7: {=_xlfn.IFS($D7="","",AND(FJ7=$C7,FK7=$D7),3,($C7-$D7)/MAX(ABS($C7-$D7),1)=(FJ7-FK7)/MAX(ABS(FJ7-FK7),1),1,TRUE,0)} | FO7: {=_xlfn.IFS($D7="","",AND(FM7=$C7,FN7=$D7),3,($C7-$D7)/MAX(ABS($C7-$D7),1)=(FM7-FN7)/MAX(ABS(FM7-FN7),1),1,TRUE,0)} | FR7: {=_xlfn.IFS($D7="","",AND(FP7=$C7,FQ7=$D7),3,($C7-$D7)/MAX(ABS($C7-$D7),1)=(FP7-FQ7)/MAX(ABS(FP7-FQ7),1),1,TRUE,0)} | FU7: {=_xlfn.IFS($D7="","",AND(FS7=$C7,FT7=$D7),3,($C7-$D7)/MAX(ABS($C7-$D7),1)=(FS7-FT7)/MAX(ABS(FS7-FT7),1),1,TRUE,0)} | FX7: {=_xlfn.IFS($D7="","",AND(FV7=$C7,FW7=$D7),3,($C7-$D7)/MAX(ABS($C7-$D7),1)=(FV7-FW7)/MAX(ABS(FV7-FW7),1),1,TRUE,0)} | GA7: {=_xlfn.IFS($D7="","",AND(FY7=$C7,FZ7=$D7),3,($C7-$D7)/MAX(ABS($C7-$D7),1)=(FY7-FZ7)/MAX(ABS(FY7-FZ7),1),1,TRUE,0)} | GD7: {=_xlfn.IFS($D7="","",AND(GB7=$C7,GC7=$D7),3,($C7-$D7)/MAX(ABS($C7-$D7),1)=(GB7-GC7)/MAX(ABS(GB7-GC7),1),1,TRUE,0)} | GG7: {=_xlfn.IFS($D7="","",AND(GE7=$C7,GF7=$D7),3,($C7-$D7)/MAX(ABS($C7-$D7),1)=(GE7-GF7)/MAX(ABS(GE7-GF7),1),1,TRUE,0)} | GJ7: {=_xlfn.IFS($D7="","",AND(GH7=$C7,GI7=$D7),3,($C7-$D7)/MAX(ABS($C7-$D7),1)=(GH7-GI7)/MAX(ABS(GH7-GI7),1),1,TRUE,0)} | GM7: {=_xlfn.IFS($D7="","",AND(GK7=$C7,GL7=$D7),3,($C7-$D7)/MAX(ABS($C7-$D7),1)=(GK7-GL7)/MAX(ABS(GK7-GL7),1),1,TRUE,0)} | GP7: {=_xlfn.IFS($D7="","",AND(GN7=$C7,GO7=$D7),3,($C7-$D7)/MAX(ABS($C7-$D7),1)=(GN7-GO7)/MAX(ABS(GN7-GO7),1),1,TRUE,0)} | GS7: {=_xlfn.IFS($D7="","",AND(GQ7=$C7,GR7=$D7),3,($C7-$D7)/MAX(ABS($C7-$D7),1)=(GQ7-GR7)/MAX(ABS(GQ7-GR7),1),1,TRUE,0)} | GV7: {=_xlfn.IFS($D7="","",AND(GT7=$C7,GU7=$D7),3,($C7-$D7)/MAX(ABS($C7-$D7),1)=(GT7-GU7)/MAX(ABS(GT7-GU7),1),1,TRUE,0)} | GY7: {=_xlfn.IFS($D7="","",AND(GW7=$C7,GX7=$D7),3,($C7-$D7)/MAX(ABS($C7-$D7),1)=(GW7-GX7)/MAX(ABS(GW7-GX7),1),1,TRUE,0)} | HB7: {=_xlfn.IFS($D7="","",AND(GZ7=$C7,HA7=$D7),3,($C7-$D7)/MAX(ABS($C7-$D7),1)=(GZ7-HA7)/MAX(ABS(GZ7-HA7),1),1,TRUE,0)} | HE7: {=_xlfn.IFS($D7="","",AND(HC7=$C7,HD7=$D7),3,($C7-$D7)/MAX(ABS($C7-$D7),1)=(HC7-HD7)/MAX(ABS(HC7-HD7),1),1,TRUE,0)} | HH7: {=_xlfn.IFS($D7="","",AND(HF7=$C7,HG7=$D7),3,($C7-$D7)/MAX(ABS($C7-$D7),1)=(HF7-HG7)/MAX(ABS(HF7-HG7),1),1,TRUE,0)} | HK7: {=_xlfn.IFS($D7="","",AND(HI7=$C7,HJ7=$D7),3,($C7-$D7)/MAX(ABS($C7-$D7),1)=(HI7-HJ7)/MAX(ABS(HI7-HJ7),1),1,TRUE,0)} | HN7: {=_xlfn.IFS($D7="","",AND(HL7=$C7,HM7=$D7),3,($C7-$D7)/MAX(ABS($C7-$D7),1)=(HL7-HM7)/MAX(ABS(HL7-HM7),1),1,TRUE,0)} | HQ7: {=_xlfn.IFS($D7="","",AND(HO7=$C7,HP7=$D7),3,($C7-$D7)/MAX(ABS($C7-$D7),1)=(HO7-HP7)/MAX(ABS(HO7-HP7),1),1,TRUE,0)} | HT7: {=_xlfn.IFS($D7="","",AND(HR7=$C7,HS7=$D7),3,($C7-$D7)/MAX(ABS($C7-$D7),1)=(HR7-HS7)/MAX(ABS(HR7-HS7),1),1,TRUE,0)} | HW7: {=_xlfn.IFS($D7="","",AND(HU7=$C7,HV7=$D7),3,($C7-$D7)/MAX(ABS($C7-$D7),1)=(HU7-HV7)/MAX(ABS(HU7-HV7),1),1,TRUE,0)} | HZ7: {=_xlfn.IFS($D7="","",AND(HX7=$C7,HY7=$D7),3,($C7-$D7)/MAX(ABS($C7-$D7),1)=(HX7-HY7)/MAX(ABS(HX7-HY7),1),1,TRUE,0)} | IC7: {=_xlfn.IFS($D7="","",AND(IA7=$C7,IB7=$D7),3,($C7-$D7)/MAX(ABS($C7-$D7),1)=(IA7-IB7)/MAX(ABS(IA7-IB7),1),1,TRUE,0)} | IF7: {=_xlfn.IFS($D7="","",AND(ID7=$C7,IE7=$D7),3,($C7-$D7)/MAX(ABS($C7-$D7),1)=(ID7-IE7)/MAX(ABS(ID7-IE7),1),1,TRUE,0)} | II7: {=_xlfn.IFS($D7="","",AND(IG7=$C7,IH7=$D7),3,($C7-$D7)/MAX(ABS($C7-$D7),1)=(IG7-IH7)/MAX(ABS(IG7-IH7),1),1,TRUE,0)} | IL7: {=_xlfn.IFS($D7="","",AND(IJ7=$C7,IK7=$D7),3,($C7-$D7)/MAX(ABS($C7-$D7),1)=(IJ7-IK7)/MAX(ABS(IJ7-IK7),1),1,TRUE,0)} | IO7: {=_xlfn.IFS($D7="","",AND(IM7=$C7,IN7=$D7),3,($C7-$D7)/MAX(ABS($C7-$D7),1)=(IM7-IN7)/MAX(ABS(IM7-IN7),1),1,TRUE,0)} | IR7: {=_xlfn.IFS($D7="","",AND(IP7=$C7,IQ7=$D7),3,($C7-$D7)/MAX(ABS($C7-$D7),1)=(IP7-IQ7)/MAX(ABS(IP7-IQ7),1),1,TRUE,0)} | IU7: {=_xlfn.IFS($D7="","",AND(IS7=$C7,IT7=$D7),3,($C7-$D7)/MAX(ABS($C7-$D7),1)=(IS7-IT7)/MAX(ABS(IS7-IT7),1),1,TRUE,0)} | IX7: {=_xlfn.IFS($D7="","",AND(IV7=$C7,IW7=$D7),3,($C7-$D7)/MAX(ABS($C7-$D7),1)=(IV7-IW7)/MAX(ABS(IV7-IW7),1),1,TRUE,0)} | JA7: {=_xlfn.IFS($D7="","",AND(IY7=$C7,IZ7=$D7),3,($C7-$D7)/MAX(ABS($C7-$D7),1)=(IY7-IZ7)/MAX(ABS(IY7-IZ7),1),1,TRUE,0)} | JD7: {=_xlfn.IFS($D7="","",AND(JB7=$C7,JC7=$D7),3,($C7-$D7)/MAX(ABS($C7-$D7),1)=(JB7-JC7)/MAX(ABS(JB7-JC7),1),1,TRUE,0)}
A8: 46187 | B8: Brazil | C8: {=_xlfn.LET( _xlpm.x,_xlfn.XLOOKUP(1,(Scores_Fixtures[Date]=A8)*(Scores_Fixtures[Home.1]=B8),Scores_Fixtures[Score.1],""), IF(_xlpm.x="","",_xlpm.x) )} | D8: {=_xlfn.LET( _xlpm.x,_xlfn.XLOOKUP(1,(Scores_Fixtures[Date]=A8)*(Scores_Fixtures[Home.1]=B8),Scores_Fixtures[Score.2],""), IF(_xlpm.x="","",_xlpm.x) )} | E8: Morocco | I8: {=_xlfn.IFS($D8="","",AND(G8=$C8,H8=$D8),3,($C8-$D8)/MAX(ABS($C8-$D8),1)=(G8-H8)/MAX(ABS(G8-H8),1),1,TRUE,0)} | L8: {=_xlfn.IFS($D8="","",AND(J8=$C8,K8=$D8),3,($C8-$D8)/MAX(ABS($C8-$D8),1)=(J8-K8)/MAX(ABS(J8-K8),1),1,TRUE,0)} | O8: {=_xlfn.IFS($D8="","",AND(M8=$C8,N8=$D8),3,($C8-$D8)/MAX(ABS($C8-$D8),1)=(M8-N8)/MAX(ABS(M8-N8),1),1,TRUE,0)} | R8: {=_xlfn.IFS($D8="","",AND(P8=$C8,Q8=$D8),3,($C8-$D8)/MAX(ABS($C8-$D8),1)=(P8-Q8)/MAX(ABS(P8-Q8),1),1,TRUE,0)} | U8: {=_xlfn.IFS($D8="","",AND(S8=$C8,T8=$D8),3,($C8-$D8)/MAX(ABS($C8-$D8),1)=(S8-T8)/MAX(ABS(S8-T8),1),1,TRUE,0)} | X8: {=_xlfn.IFS($D8="","",AND(V8=$C8,W8=$D8),3,($C8-$D8)/MAX(ABS($C8-$D8),1)=(V8-W8)/MAX(ABS(V8-W8),1),1,TRUE,0)} | AA8: {=_xlfn.IFS($D8="","",AND(Y8=$C8,Z8=$D8),3,($C8-$D8)/MAX(ABS($C8-$D8),1)=(Y8-Z8)/MAX(ABS(Y8-Z8),1),1,TRUE,0)} | AD8: {=_xlfn.IFS($D8="","",AND(AB8=$C8,AC8=$D8),3,($C8-$D8)/MAX(ABS($C8-$D8),1)=(AB8-AC8)/MAX(ABS(AB8-AC8),1),1,TRUE,0)} | AG8: {=_xlfn.IFS($D8="","",AND(AE8=$C8,AF8=$D8),3,($C8-$D8)/MAX(ABS($C8-$D8),1)=(AE8-AF8)/MAX(ABS(AE8-AF8),1),1,TRUE,0)} | AJ8: {=_xlfn.IFS($D8="","",AND(AH8=$C8,AI8=$D8),3,($C8-$D8)/MAX(ABS($C8-$D8),1)=(AH8-AI8)/MAX(ABS(AH8-AI8),1),1,TRUE,0)} | AM8: {=_xlfn.IFS($D8="","",AND(AK8=$C8,AL8=$D8),3,($C8-$D8)/MAX(ABS($C8-$D8),1)=(AK8-AL8)/MAX(ABS(AK8-AL8),1),1,TRUE,0)} | AP8: {=_xlfn.IFS($D8="","",AND(AN8=$C8,AO8=$D8),3,($C8-$D8)/MAX(ABS($C8-$D8),1)=(AN8-AO8)/MAX(ABS(AN8-AO8),1),1,TRUE,0)} | AS8: {=_xlfn.IFS($D8="","",AND(AQ8=$C8,AR8=$D8),3,($C8-$D8)/MAX(ABS($C8-$D8),1)=(AQ8-AR8)/MAX(ABS(AQ8-AR8),1),1,TRUE,0)} | AV8: {=_xlfn.IFS($D8="","",AND(AT8=$C8,AU8=$D8),3,($C8-$D8)/MAX(ABS($C8-$D8),1)=(AT8-AU8)/MAX(ABS(AT8-AU8),1),1,TRUE,0)} | AY8: {=_xlfn.IFS($D8="","",AND(AW8=$C8,AX8=$D8),3,($C8-$D8)/MAX(ABS($C8-$D8),1)=(AW8-AX8)/MAX(ABS(AW8-AX8),1),1,TRUE,0)} | BB8: {=_xlfn.IFS($D8="","",AND(AZ8=$C8,BA8=$D8),3,($C8-$D8)/MAX(ABS($C8-$D8),1)=(AZ8-BA8)/MAX(ABS(AZ8-BA8),1),1,TRUE,0)} | BE8: {=_xlfn.IFS($D8="","",AND(BC8=$C8,BD8=$D8),3,($C8-$D8)/MAX(ABS($C8-$D8),1)=(BC8-BD8)/MAX(ABS(BC8-BD8),1),1,TRUE,0)} | BH8: {=_xlfn.IFS($D8="","",AND(BF8=$C8,BG8=$D8),3,($C8-$D8)/MAX(ABS($C8-$D8),1)=(BF8-BG8)/MAX(ABS(BF8-BG8),1),1,TRUE,0)} | BK8: {=_xlfn.IFS($D8="","",AND(BI8=$C8,BJ8=$D8),3,($C8-$D8)/MAX(ABS($C8-$D8),1)=(BI8-BJ8)/MAX(ABS(BI8-BJ8),1),1,TRUE,0)} | BN8: {=_xlfn.IFS($D8="","",AND(BL8=$C8,BM8=$D8),3,($C8-$D8)/MAX(ABS($C8-$D8),1)=(BL8-BM8)/MAX(ABS(BL8-BM8),1),1,TRUE,0)} | BQ8: {=_xlfn.IFS($D8="","",AND(BO8=$C8,BP8=$D8),3,($C8-$D8)/MAX(ABS($C8-$D8),1)=(BO8-BP8)/MAX(ABS(BO8-BP8),1),1,TRUE,0)} | BT8: {=_xlfn.IFS($D8="","",AND(BR8=$C8,BS8=$D8),3,($C8-$D8)/MAX(ABS($C8-$D8),1)=(BR8-BS8)/MAX(ABS(BR8-BS8),1),1,TRUE,0)} | BW8: {=_xlfn.IFS($D8="","",AND(BU8=$C8,BV8=$D8),3,($C8-$D8)/MAX(ABS($C8-$D8),1)=(BU8-BV8)/MAX(ABS(BU8-BV8),1),1,TRUE,0)} | BZ8: {=_xlfn.IFS($D8="","",AND(BX8=$C8,BY8=$D8),3,($C8-$D8)/MAX(ABS($C8-$D8),1)=(BX8-BY8)/MAX(ABS(BX8-BY8),1),1,TRUE,0)} | CC8: {=_xlfn.IFS($D8="","",AND(CA8=$C8,CB8=$D8),3,($C8-$D8)/MAX(ABS($C8-$D8),1)=(CA8-CB8)/MAX(ABS(CA8-CB8),1),1,TRUE,0)} | CF8: {=_xlfn.IFS($D8="","",AND(CD8=$C8,CE8=$D8),3,($C8-$D8)/MAX(ABS($C8-$D8),1)=(CD8-CE8)/MAX(ABS(CD8-CE8),1),1,TRUE,0)} | CI8: {=_xlfn.IFS($D8="","",AND(CG8=$C8,CH8=$D8),3,($C8-$D8)/MAX(ABS($C8-$D8),1)=(CG8-CH8)/MAX(ABS(CG8-CH8),1),1,TRUE,0)} | CL8: {=_xlfn.IFS($D8="","",AND(CJ8=$C8,CK8=$D8),3,($C8-$D8)/MAX(ABS($C8-$D8),1)=(CJ8-CK8)/MAX(ABS(CJ8-CK8),1),1,TRUE,0)} | CO8: {=_xlfn.IFS($D8="","",AND(CM8=$C8,CN8=$D8),3,($C8-$D8)/MAX(ABS($C8-$D8),1)=(CM8-CN8)/MAX(ABS(CM8-CN8),1),1,TRUE,0)} | CR8: {=_xlfn.IFS($D8="","",AND(CP8=$C8,CQ8=$D8),3,($C8-$D8)/MAX(ABS($C8-$D8),1)=(CP8-CQ8)/MAX(ABS(CP8-CQ8),1),1,TRUE,0)} | CU8: {=_xlfn.IFS($D8="","",AND(CS8=$C8,CT8=$D8),3,($C8-$D8)/MAX(ABS($C8-$D8),1)=(CS8-CT8)/MAX(ABS(CS8-CT8),1),1,TRUE,0)} | CX8: {=_xlfn.IFS($D8="","",AND(CV8=$C8,CW8=$D8),3,($C8-$D8)/MAX(ABS($C8-$D8),1)=(CV8-CW8)/MAX(ABS(CV8-CW8),1),1,TRUE,0)} | DA8: {=_xlfn.IFS($D8="","",AND(CY8=$C8,CZ8=$D8),3,($C8-$D8)/MAX(ABS($C8-$D8),1)=(CY8-CZ8)/MAX(ABS(CY8-CZ8),1),1,TRUE,0)} | DD8: {=_xlfn.IFS($D8="","",AND(DB8=$C8,DC8=$D8),3,($C8-$D8)/MAX(ABS($C8-$D8),1)=(DB8-DC8)/MAX(ABS(DB8-DC8),1),1,TRUE,0)} | DG8: {=_xlfn.IFS($D8="","",AND(DE8=$C8,DF8=$D8),3,($C8-$D8)/MAX(ABS($C8-$D8),1)=(DE8-DF8)/MAX(ABS(DE8-DF8),1),1,TRUE,0)} | DJ8: {=_xlfn.IFS($D8="","",AND(DH8=$C8,DI8=$D8),3,($C8-$D8)/MAX(ABS($C8-$D8),1)=(DH8-DI8)/MAX(ABS(DH8-DI8),1),1,TRUE,0)} | DM8: {=_xlfn.IFS($D8="","",AND(DK8=$C8,DL8=$D8),3,($C8-$D8)/MAX(ABS($C8-$D8),1)=(DK8-DL8)/MAX(ABS(DK8-DL8),1),1,TRUE,0)} | DP8: {=_xlfn.IFS($D8="","",AND(DN8=$C8,DO8=$D8),3,($C8-$D8)/MAX(ABS($C8-$D8),1)=(DN8-DO8)/MAX(ABS(DN8-DO8),1),1,TRUE,0)} | DS8: {=_xlfn.IFS($D8="","",AND(DQ8=$C8,DR8=$D8),3,($C8-$D8)/MAX(ABS($C8-$D8),1)=(DQ8-DR8)/MAX(ABS(DQ8-DR8),1),1,TRUE,0)} | DV8: {=_xlfn.IFS($D8="","",AND(DT8=$C8,DU8=$D8),3,($C8-$D8)/MAX(ABS($C8-$D8),1)=(DT8-DU8)/MAX(ABS(DT8-DU8),1),1,TRUE,0)} | DY8: {=_xlfn.IFS($D8="","",AND(DW8=$C8,DX8=$D8),3,($C8-$D8)/MAX(ABS($C8-$D8),1)=(DW8-DX8)/MAX(ABS(DW8-DX8),1),1,TRUE,0)} | EB8: {=_xlfn.IFS($D8="","",AND(DZ8=$C8,EA8=$D8),3,($C8-$D8)/MAX(ABS($C8-$D8),1)=(DZ8-EA8)/MAX(ABS(DZ8-EA8),1),1,TRUE,0)} | EE8: {=_xlfn.IFS($D8="","",AND(EC8=$C8,ED8=$D8),3,($C8-$D8)/MAX(ABS($C8-$D8),1)=(EC8-ED8)/MAX(ABS(EC8-ED8),1),1,TRUE,0)} | EH8: {=_xlfn.IFS($D8="","",AND(EF8=$C8,EG8=$D8),3,($C8-$D8)/MAX(ABS($C8-$D8),1)=(EF8-EG8)/MAX(ABS(EF8-EG8),1),1,TRUE,0)} | EK8: {=_xlfn.IFS($D8="","",AND(EI8=$C8,EJ8=$D8),3,($C8-$D8)/MAX(ABS($C8-$D8),1)=(EI8-EJ8)/MAX(ABS(EI8-EJ8),1),1,TRUE,0)} | EN8: {=_xlfn.IFS($D8="","",AND(EL8=$C8,EM8=$D8),3,($C8-$D8)/MAX(ABS($C8-$D8),1)=(EL8-EM8)/MAX(ABS(EL8-EM8),1),1,TRUE,0)} | EQ8: {=_xlfn.IFS($D8="","",AND(EO8=$C8,EP8=$D8),3,($C8-$D8)/MAX(ABS($C8-$D8),1)=(EO8-EP8)/MAX(ABS(EO8-EP8),1),1,TRUE,0)} | ET8: {=_xlfn.IFS($D8="","",AND(ER8=$C8,ES8=$D8),3,($C8-$D8)/MAX(ABS($C8-$D8),1)=(ER8-ES8)/MAX(ABS(ER8-ES8),1),1,TRUE,0)} | EW8: {=_xlfn.IFS($D8="","",AND(EU8=$C8,EV8=$D8),3,($C8-$D8)/MAX(ABS($C8-$D8),1)=(EU8-EV8)/MAX(ABS(EU8-EV8),1),1,TRUE,0)} | EZ8: {=_xlfn.IFS($D8="","",AND(EX8=$C8,EY8=$D8),3,($C8-$D8)/MAX(ABS($C8-$D8),1)=(EX8-EY8)/MAX(ABS(EX8-EY8),1),1,TRUE,0)} | FC8: {=_xlfn.IFS($D8="","",AND(FA8=$C8,FB8=$D8),3,($C8-$D8)/MAX(ABS($C8-$D8),1)=(FA8-FB8)/MAX(ABS(FA8-FB8),1),1,TRUE,0)} | FF8: {=_xlfn.IFS($D8="","",AND(FD8=$C8,FE8=$D8),3,($C8-$D8)/MAX(ABS($C8-$D8),1)=(FD8-FE8)/MAX(ABS(FD8-FE8),1),1,TRUE,0)} | FI8: {=_xlfn.IFS($D8="","",AND(FG8=$C8,FH8=$D8),3,($C8-$D8)/MAX(ABS($C8-$D8),1)=(FG8-FH8)/MAX(ABS(FG8-FH8),1),1,TRUE,0)} | FL8: {=_xlfn.IFS($D8="","",AND(FJ8=$C8,FK8=$D8),3,($C8-$D8)/MAX(ABS($C8-$D8),1)=(FJ8-FK8)/MAX(ABS(FJ8-FK8),1),1,TRUE,0)} | FO8: {=_xlfn.IFS($D8="","",AND(FM8=$C8,FN8=$D8),3,($C8-$D8)/MAX(ABS($C8-$D8),1)=(FM8-FN8)/MAX(ABS(FM8-FN8),1),1,TRUE,0)} | FR8: {=_xlfn.IFS($D8="","",AND(FP8=$C8,FQ8=$D8),3,($C8-$D8)/MAX(ABS($C8-$D8),1)=(FP8-FQ8)/MAX(ABS(FP8-FQ8),1),1,TRUE,0)} | FU8: {=_xlfn.IFS($D8="","",AND(FS8=$C8,FT8=$D8),3,($C8-$D8)/MAX(ABS($C8-$D8),1)=(FS8-FT8)/MAX(ABS(FS8-FT8),1),1,TRUE,0)} | FX8: {=_xlfn.IFS($D8="","",AND(FV8=$C8,FW8=$D8),3,($C8-$D8)/MAX(ABS($C8-$D8),1)=(FV8-FW8)/MAX(ABS(FV8-FW8),1),1,TRUE,0)} | GA8: {=_xlfn.IFS($D8="","",AND(FY8=$C8,FZ8=$D8),3,($C8-$D8)/MAX(ABS($C8-$D8),1)=(FY8-FZ8)/MAX(ABS(FY8-FZ8),1),1,TRUE,0)} | GD8: {=_xlfn.IFS($D8="","",AND(GB8=$C8,GC8=$D8),3,($C8-$D8)/MAX(ABS($C8-$D8),1)=(GB8-GC8)/MAX(ABS(GB8-GC8),1),1,TRUE,0)} | GG8: {=_xlfn.IFS($D8="","",AND(GE8=$C8,GF8=$D8),3,($C8-$D8)/MAX(ABS($C8-$D8),1)=(GE8-GF8)/MAX(ABS(GE8-GF8),1),1,TRUE,0)} | GJ8: {=_xlfn.IFS($D8="","",AND(GH8=$C8,GI8=$D8),3,($C8-$D8)/MAX(ABS($C8-$D8),1)=(GH8-GI8)/MAX(ABS(GH8-GI8),1),1,TRUE,0)} | GM8: {=_xlfn.IFS($D8="","",AND(GK8=$C8,GL8=$D8),3,($C8-$D8)/MAX(ABS($C8-$D8),1)=(GK8-GL8)/MAX(ABS(GK8-GL8),1),1,TRUE,0)} | GP8: {=_xlfn.IFS($D8="","",AND(GN8=$C8,GO8=$D8),3,($C8-$D8)/MAX(ABS($C8-$D8),1)=(GN8-GO8)/MAX(ABS(GN8-GO8),1),1,TRUE,0)} | GS8: {=_xlfn.IFS($D8="","",AND(GQ8=$C8,GR8=$D8),3,($C8-$D8)/MAX(ABS($C8-$D8),1)=(GQ8-GR8)/MAX(ABS(GQ8-GR8),1),1,TRUE,0)} | GV8: {=_xlfn.IFS($D8="","",AND(GT8=$C8,GU8=$D8),3,($C8-$D8)/MAX(ABS($C8-$D8),1)=(GT8-GU8)/MAX(ABS(GT8-GU8),1),1,TRUE,0)} | GY8: {=_xlfn.IFS($D8="","",AND(GW8=$C8,GX8=$D8),3,($C8-$D8)/MAX(ABS($C8-$D8),1)=(GW8-GX8)/MAX(ABS(GW8-GX8),1),1,TRUE,0)} | HB8: {=_xlfn.IFS($D8="","",AND(GZ8=$C8,HA8=$D8),3,($C8-$D8)/MAX(ABS($C8-$D8),1)=(GZ8-HA8)/MAX(ABS(GZ8-HA8),1),1,TRUE,0)} | HE8: {=_xlfn.IFS($D8="","",AND(HC8=$C8,HD8=$D8),3,($C8-$D8)/MAX(ABS($C8-$D8),1)=(HC8-HD8)/MAX(ABS(HC8-HD8),1),1,TRUE,0)} | HH8: {=_xlfn.IFS($D8="","",AND(HF8=$C8,HG8=$D8),3,($C8-$D8)/MAX(ABS($C8-$D8),1)=(HF8-HG8)/MAX(ABS(HF8-HG8),1),1,TRUE,0)} | HK8: {=_xlfn.IFS($D8="","",AND(HI8=$C8,HJ8=$D8),3,($C8-$D8)/MAX(ABS($C8-$D8),1)=(HI8-HJ8)/MAX(ABS(HI8-HJ8),1),1,TRUE,0)} | HN8: {=_xlfn.IFS($D8="","",AND(HL8=$C8,HM8=$D8),3,($C8-$D8)/MAX(ABS($C8-$D8),1)=(HL8-HM8)/MAX(ABS(HL8-HM8),1),1,TRUE,0)} | HQ8: {=_xlfn.IFS($D8="","",AND(HO8=$C8,HP8=$D8),3,($C8-$D8)/MAX(ABS($C8-$D8),1)=(HO8-HP8)/MAX(ABS(HO8-HP8),1),1,TRUE,0)} | HT8: {=_xlfn.IFS($D8="","",AND(HR8=$C8,HS8=$D8),3,($C8-$D8)/MAX(ABS($C8-$D8),1)=(HR8-HS8)/MAX(ABS(HR8-HS8),1),1,TRUE,0)} | HW8: {=_xlfn.IFS($D8="","",AND(HU8=$C8,HV8=$D8),3,($C8-$D8)/MAX(ABS($C8-$D8),1)=(HU8-HV8)/MAX(ABS(HU8-HV8),1),1,TRUE,0)} | HZ8: {=_xlfn.IFS($D8="","",AND(HX8=$C8,HY8=$D8),3,($C8-$D8)/MAX(ABS($C8-$D8),1)=(HX8-HY8)/MAX(ABS(HX8-HY8),1),1,TRUE,0)} | IC8: {=_xlfn.IFS($D8="","",AND(IA8=$C8,IB8=$D8),3,($C8-$D8)/MAX(ABS($C8-$D8),1)=(IA8-IB8)/MAX(ABS(IA8-IB8),1),1,TRUE,0)} | IF8: {=_xlfn.IFS($D8="","",AND(ID8=$C8,IE8=$D8),3,($C8-$D8)/MAX(ABS($C8-$D8),1)=(ID8-IE8)/MAX(ABS(ID8-IE8),1),1,TRUE,0)} | II8: {=_xlfn.IFS($D8="","",AND(IG8=$C8,IH8=$D8),3,($C8-$D8)/MAX(ABS($C8-$D8),1)=(IG8-IH8)/MAX(ABS(IG8-IH8),1),1,TRUE,0)} | IL8: {=_xlfn.IFS($D8="","",AND(IJ8=$C8,IK8=$D8),3,($C8-$D8)/MAX(ABS($C8-$D8),1)=(IJ8-IK8)/MAX(ABS(IJ8-IK8),1),1,TRUE,0)} | IO8: {=_xlfn.IFS($D8="","",AND(IM8=$C8,IN8=$D8),3,($C8-$D8)/MAX(ABS($C8-$D8),1)=(IM8-IN8)/MAX(ABS(IM8-IN8),1),1,TRUE,0)} | IR8: {=_xlfn.IFS($D8="","",AND(IP8=$C8,IQ8=$D8),3,($C8-$D8)/MAX(ABS($C8-$D8),1)=(IP8-IQ8)/MAX(ABS(IP8-IQ8),1),1,TRUE,0)} | IU8: {=_xlfn.IFS($D8="","",AND(IS8=$C8,IT8=$D8),3,($C8-$D8)/MAX(ABS($C8-$D8),1)=(IS8-IT8)/MAX(ABS(IS8-IT8),1),1,TRUE,0)} | IX8: {=_xlfn.IFS($D8="","",AND(IV8=$C8,IW8=$D8),3,($C8-$D8)/MAX(ABS($C8-$D8),1)=(IV8-IW8)/MAX(ABS(IV8-IW8),1),1,TRUE,0)} | JA8: {=_xlfn.IFS($D8="","",AND(IY8=$C8,IZ8=$D8),3,($C8-$D8)/MAX(ABS($C8-$D8),1)=(IY8-IZ8)/MAX(ABS(IY8-IZ8),1),1,TRUE,0)} | JD8: {=_xlfn.IFS($D8="","",AND(JB8=$C8,JC8=$D8),3,($C8-$D8)/MAX(ABS($C8-$D8),1)=(JB8-JC8)/MAX(ABS(JB8-JC8),1),1,TRUE,0)}
A9: 46187 | B9: Haiti | C9: {=_xlfn.LET( _xlpm.x,_xlfn.XLOOKUP(1,(Scores_Fixtures[Date]=A9)*(Scores_Fixtures[Home.1]=B9),Scores_Fixtures[Score.1],""), IF(_xlpm.x="","",_xlpm.x) )} | D9: {=_xlfn.LET( _xlpm.x,_xlfn.XLOOKUP(1,(Scores_Fixtures[Date]=A9)*(Scores_Fixtures[Home.1]=B9),Scores_Fixtures[Score.2],""), IF(_xlpm.x="","",_xlpm.x) )} | E9: Scotland | I9: {=_xlfn.IFS($D9="","",AND(G9=$C9,H9=$D9),3,($C9-$D9)/MAX(ABS($C9-$D9),1)=(G9-H9)/MAX(ABS(G9-H9),1),1,TRUE,0)} | L9: {=_xlfn.IFS($D9="","",AND(J9=$C9,K9=$D9),3,($C9-$D9)/MAX(ABS($C9-$D9),1)=(J9-K9)/MAX(ABS(J9-K9),1),1,TRUE,0)} | O9: {=_xlfn.IFS($D9="","",AND(M9=$C9,N9=$D9),3,($C9-$D9)/MAX(ABS($C9-$D9),1)=(M9-N9)/MAX(ABS(M9-N9),1),1,TRUE,0)} | R9: {=_xlfn.IFS($D9="","",AND(P9=$C9,Q9=$D9),3,($C9-$D9)/MAX(ABS($C9-$D9),1)=(P9-Q9)/MAX(ABS(P9-Q9),1),1,TRUE,0)} | U9: {=_xlfn.IFS($D9="","",AND(S9=$C9,T9=$D9),3,($C9-$D9)/MAX(ABS($C9-$D9),1)=(S9-T9)/MAX(ABS(S9-T9),1),1,TRUE,0)} | X9: {=_xlfn.IFS($D9="","",AND(V9=$C9,W9=$D9),3,($C9-$D9)/MAX(ABS($C9-$D9),1)=(V9-W9)/MAX(ABS(V9-W9),1),1,TRUE,0)} | AA9: {=_xlfn.IFS($D9="","",AND(Y9=$C9,Z9=$D9),3,($C9-$D9)/MAX(ABS($C9-$D9),1)=(Y9-Z9)/MAX(ABS(Y9-Z9),1),1,TRUE,0)} | AD9: {=_xlfn.IFS($D9="","",AND(AB9=$C9,AC9=$D9),3,($C9-$D9)/MAX(ABS($C9-$D9),1)=(AB9-AC9)/MAX(ABS(AB9-AC9),1),1,TRUE,0)} | AG9: {=_xlfn.IFS($D9="","",AND(AE9=$C9,AF9=$D9),3,($C9-$D9)/MAX(ABS($C9-$D9),1)=(AE9-AF9)/MAX(ABS(AE9-AF9),1),1,TRUE,0)} | AJ9: {=_xlfn.IFS($D9="","",AND(AH9=$C9,AI9=$D9),3,($C9-$D9)/MAX(ABS($C9-$D9),1)=(AH9-AI9)/MAX(ABS(AH9-AI9),1),1,TRUE,0)} | AM9: {=_xlfn.IFS($D9="","",AND(AK9=$C9,AL9=$D9),3,($C9-$D9)/MAX(ABS($C9-$D9),1)=(AK9-AL9)/MAX(ABS(AK9-AL9),1),1,TRUE,0)} | AP9: {=_xlfn.IFS($D9="","",AND(AN9=$C9,AO9=$D9),3,($C9-$D9)/MAX(ABS($C9-$D9),1)=(AN9-AO9)/MAX(ABS(AN9-AO9),1),1,TRUE,0)} | AS9: {=_xlfn.IFS($D9="","",AND(AQ9=$C9,AR9=$D9),3,($C9-$D9)/MAX(ABS($C9-$D9),1)=(AQ9-AR9)/MAX(ABS(AQ9-AR9),1),1,TRUE,0)} | AV9: {=_xlfn.IFS($D9="","",AND(AT9=$C9,AU9=$D9),3,($C9-$D9)/MAX(ABS($C9-$D9),1)=(AT9-AU9)/MAX(ABS(AT9-AU9),1),1,TRUE,0)} | AY9: {=_xlfn.IFS($D9="","",AND(AW9=$C9,AX9=$D9),3,($C9-$D9)/MAX(ABS($C9-$D9),1)=(AW9-AX9)/MAX(ABS(AW9-AX9),1),1,TRUE,0)} | BB9: {=_xlfn.IFS($D9="","",AND(AZ9=$C9,BA9=$D9),3,($C9-$D9)/MAX(ABS($C9-$D9),1)=(AZ9-BA9)/MAX(ABS(AZ9-BA9),1),1,TRUE,0)} | BE9: {=_xlfn.IFS($D9="","",AND(BC9=$C9,BD9=$D9),3,($C9-$D9)/MAX(ABS($C9-$D9),1)=(BC9-BD9)/MAX(ABS(BC9-BD9),1),1,TRUE,0)} | BH9: {=_xlfn.IFS($D9="","",AND(BF9=$C9,BG9=$D9),3,($C9-$D9)/MAX(ABS($C9-$D9),1)=(BF9-BG9)/MAX(ABS(BF9-BG9),1),1,TRUE,0)} | BK9: {=_xlfn.IFS($D9="","",AND(BI9=$C9,BJ9=$D9),3,($C9-$D9)/MAX(ABS($C9-$D9),1)=(BI9-BJ9)/MAX(ABS(BI9-BJ9),1),1,TRUE,0)} | BN9: {=_xlfn.IFS($D9="","",AND(BL9=$C9,BM9=$D9),3,($C9-$D9)/MAX(ABS($C9-$D9),1)=(BL9-BM9)/MAX(ABS(BL9-BM9),1),1,TRUE,0)} | BQ9: {=_xlfn.IFS($D9="","",AND(BO9=$C9,BP9=$D9),3,($C9-$D9)/MAX(ABS($C9-$D9),1)=(BO9-BP9)/MAX(ABS(BO9-BP9),1),1,TRUE,0)} | BT9: {=_xlfn.IFS($D9="","",AND(BR9=$C9,BS9=$D9),3,($C9-$D9)/MAX(ABS($C9-$D9),1)=(BR9-BS9)/MAX(ABS(BR9-BS9),1),1,TRUE,0)} | BW9: {=_xlfn.IFS($D9="","",AND(BU9=$C9,BV9=$D9),3,($C9-$D9)/MAX(ABS($C9-$D9),1)=(BU9-BV9)/MAX(ABS(BU9-BV9),1),1,TRUE,0)} | BZ9: {=_xlfn.IFS($D9="","",AND(BX9=$C9,BY9=$D9),3,($C9-$D9)/MAX(ABS($C9-$D9),1)=(BX9-BY9)/MAX(ABS(BX9-BY9),1),1,TRUE,0)} | CC9: {=_xlfn.IFS($D9="","",AND(CA9=$C9,CB9=$D9),3,($C9-$D9)/MAX(ABS($C9-$D9),1)=(CA9-CB9)/MAX(ABS(CA9-CB9),1),1,TRUE,0)} | CF9: {=_xlfn.IFS($D9="","",AND(CD9=$C9,CE9=$D9),3,($C9-$D9)/MAX(ABS($C9-$D9),1)=(CD9-CE9)/MAX(ABS(CD9-CE9),1),1,TRUE,0)} | CI9: {=_xlfn.IFS($D9="","",AND(CG9=$C9,CH9=$D9),3,($C9-$D9)/MAX(ABS($C9-$D9),1)=(CG9-CH9)/MAX(ABS(CG9-CH9),1),1,TRUE,0)} | CL9: {=_xlfn.IFS($D9="","",AND(CJ9=$C9,CK9=$D9),3,($C9-$D9)/MAX(ABS($C9-$D9),1)=(CJ9-CK9)/MAX(ABS(CJ9-CK9),1),1,TRUE,0)} | CO9: {=_xlfn.IFS($D9="","",AND(CM9=$C9,CN9=$D9),3,($C9-$D9)/MAX(ABS($C9-$D9),1)=(CM9-CN9)/MAX(ABS(CM9-CN9),1),1,TRUE,0)} | CR9: {=_xlfn.IFS($D9="","",AND(CP9=$C9,CQ9=$D9),3,($C9-$D9)/MAX(ABS($C9-$D9),1)=(CP9-CQ9)/MAX(ABS(CP9-CQ9),1),1,TRUE,0)} | CU9: {=_xlfn.IFS($D9="","",AND(CS9=$C9,CT9=$D9),3,($C9-$D9)/MAX(ABS($C9-$D9),1)=(CS9-CT9)/MAX(ABS(CS9-CT9),1),1,TRUE,0)} | CX9: {=_xlfn.IFS($D9="","",AND(CV9=$C9,CW9=$D9),3,($C9-$D9)/MAX(ABS($C9-$D9),1)=(CV9-CW9)/MAX(ABS(CV9-CW9),1),1,TRUE,0)} | DA9: {=_xlfn.IFS($D9="","",AND(CY9=$C9,CZ9=$D9),3,($C9-$D9)/MAX(ABS($C9-$D9),1)=(CY9-CZ9)/MAX(ABS(CY9-CZ9),1),1,TRUE,0)} | DD9: {=_xlfn.IFS($D9="","",AND(DB9=$C9,DC9=$D9),3,($C9-$D9)/MAX(ABS($C9-$D9),1)=(DB9-DC9)/MAX(ABS(DB9-DC9),1),1,TRUE,0)} | DG9: {=_xlfn.IFS($D9="","",AND(DE9=$C9,DF9=$D9),3,($C9-$D9)/MAX(ABS($C9-$D9),1)=(DE9-DF9)/MAX(ABS(DE9-DF9),1),1,TRUE,0)} | DJ9: {=_xlfn.IFS($D9="","",AND(DH9=$C9,DI9=$D9),3,($C9-$D9)/MAX(ABS($C9-$D9),1)=(DH9-DI9)/MAX(ABS(DH9-DI9),1),1,TRUE,0)} | DM9: {=_xlfn.IFS($D9="","",AND(DK9=$C9,DL9=$D9),3,($C9-$D9)/MAX(ABS($C9-$D9),1)=(DK9-DL9)/MAX(ABS(DK9-DL9),1),1,TRUE,0)} | DP9: {=_xlfn.IFS($D9="","",AND(DN9=$C9,DO9=$D9),3,($C9-$D9)/MAX(ABS($C9-$D9),1)=(DN9-DO9)/MAX(ABS(DN9-DO9),1),1,TRUE,0)} | DS9: {=_xlfn.IFS($D9="","",AND(DQ9=$C9,DR9=$D9),3,($C9-$D9)/MAX(ABS($C9-$D9),1)=(DQ9-DR9)/MAX(ABS(DQ9-DR9),1),1,TRUE,0)} | DV9: {=_xlfn.IFS($D9="","",AND(DT9=$C9,DU9=$D9),3,($C9-$D9)/MAX(ABS($C9-$D9),1)=(DT9-DU9)/MAX(ABS(DT9-DU9),1),1,TRUE,0)} | DY9: {=_xlfn.IFS($D9="","",AND(DW9=$C9,DX9=$D9),3,($C9-$D9)/MAX(ABS($C9-$D9),1)=(DW9-DX9)/MAX(ABS(DW9-DX9),1),1,TRUE,0)} | EB9: {=_xlfn.IFS($D9="","",AND(DZ9=$C9,EA9=$D9),3,($C9-$D9)/MAX(ABS($C9-$D9),1)=(DZ9-EA9)/MAX(ABS(DZ9-EA9),1),1,TRUE,0)} | EE9: {=_xlfn.IFS($D9="","",AND(EC9=$C9,ED9=$D9),3,($C9-$D9)/MAX(ABS($C9-$D9),1)=(EC9-ED9)/MAX(ABS(EC9-ED9),1),1,TRUE,0)} | EH9: {=_xlfn.IFS($D9="","",AND(EF9=$C9,EG9=$D9),3,($C9-$D9)/MAX(ABS($C9-$D9),1)=(EF9-EG9)/MAX(ABS(EF9-EG9),1),1,TRUE,0)} | EK9: {=_xlfn.IFS($D9="","",AND(EI9=$C9,EJ9=$D9),3,($C9-$D9)/MAX(ABS($C9-$D9),1)=(EI9-EJ9)/MAX(ABS(EI9-EJ9),1),1,TRUE,0)} | EN9: {=_xlfn.IFS($D9="","",AND(EL9=$C9,EM9=$D9),3,($C9-$D9)/MAX(ABS($C9-$D9),1)=(EL9-EM9)/MAX(ABS(EL9-EM9),1),1,TRUE,0)} | EQ9: {=_xlfn.IFS($D9="","",AND(EO9=$C9,EP9=$D9),3,($C9-$D9)/MAX(ABS($C9-$D9),1)=(EO9-EP9)/MAX(ABS(EO9-EP9),1),1,TRUE,0)} | ET9: {=_xlfn.IFS($D9="","",AND(ER9=$C9,ES9=$D9),3,($C9-$D9)/MAX(ABS($C9-$D9),1)=(ER9-ES9)/MAX(ABS(ER9-ES9),1),1,TRUE,0)} | EW9: {=_xlfn.IFS($D9="","",AND(EU9=$C9,EV9=$D9),3,($C9-$D9)/MAX(ABS($C9-$D9),1)=(EU9-EV9)/MAX(ABS(EU9-EV9),1),1,TRUE,0)} | EZ9: {=_xlfn.IFS($D9="","",AND(EX9=$C9,EY9=$D9),3,($C9-$D9)/MAX(ABS($C9-$D9),1)=(EX9-EY9)/MAX(ABS(EX9-EY9),1),1,TRUE,0)} | FC9: {=_xlfn.IFS($D9="","",AND(FA9=$C9,FB9=$D9),3,($C9-$D9)/MAX(ABS($C9-$D9),1)=(FA9-FB9)/MAX(ABS(FA9-FB9),1),1,TRUE,0)} | FF9: {=_xlfn.IFS($D9="","",AND(FD9=$C9,FE9=$D9),3,($C9-$D9)/MAX(ABS($C9-$D9),1)=(FD9-FE9)/MAX(ABS(FD9-FE9),1),1,TRUE,0)} | FI9: {=_xlfn.IFS($D9="","",AND(FG9=$C9,FH9=$D9),3,($C9-$D9)/MAX(ABS($C9-$D9),1)=(FG9-FH9)/MAX(ABS(FG9-FH9),1),1,TRUE,0)} | FL9: {=_xlfn.IFS($D9="","",AND(FJ9=$C9,FK9=$D9),3,($C9-$D9)/MAX(ABS($C9-$D9),1)=(FJ9-FK9)/MAX(ABS(FJ9-FK9),1),1,TRUE,0)} | FO9: {=_xlfn.IFS($D9="","",AND(FM9=$C9,FN9=$D9),3,($C9-$D9)/MAX(ABS($C9-$D9),1)=(FM9-FN9)/MAX(ABS(FM9-FN9),1),1,TRUE,0)} | FR9: {=_xlfn.IFS($D9="","",AND(FP9=$C9,FQ9=$D9),3,($C9-$D9)/MAX(ABS($C9-$D9),1)=(FP9-FQ9)/MAX(ABS(FP9-FQ9),1),1,TRUE,0)} | FU9: {=_xlfn.IFS($D9="","",AND(FS9=$C9,FT9=$D9),3,($C9-$D9)/MAX(ABS($C9-$D9),1)=(FS9-FT9)/MAX(ABS(FS9-FT9),1),1,TRUE,0)} | FX9: {=_xlfn.IFS($D9="","",AND(FV9=$C9,FW9=$D9),3,($C9-$D9)/MAX(ABS($C9-$D9),1)=(FV9-FW9)/MAX(ABS(FV9-FW9),1),1,TRUE,0)} | GA9: {=_xlfn.IFS($D9="","",AND(FY9=$C9,FZ9=$D9),3,($C9-$D9)/MAX(ABS($C9-$D9),1)=(FY9-FZ9)/MAX(ABS(FY9-FZ9),1),1,TRUE,0)} | GD9: {=_xlfn.IFS($D9="","",AND(GB9=$C9,GC9=$D9),3,($C9-$D9)/MAX(ABS($C9-$D9),1)=(GB9-GC9)/MAX(ABS(GB9-GC9),1),1,TRUE,0)} | GG9: {=_xlfn.IFS($D9="","",AND(GE9=$C9,GF9=$D9),3,($C9-$D9)/MAX(ABS($C9-$D9),1)=(GE9-GF9)/MAX(ABS(GE9-GF9),1),1,TRUE,0)} | GJ9: {=_xlfn.IFS($D9="","",AND(GH9=$C9,GI9=$D9),3,($C9-$D9)/MAX(ABS($C9-$D9),1)=(GH9-GI9)/MAX(ABS(GH9-GI9),1),1,TRUE,0)} | GM9: {=_xlfn.IFS($D9="","",AND(GK9=$C9,GL9=$D9),3,($C9-$D9)/MAX(ABS($C9-$D9),1)=(GK9-GL9)/MAX(ABS(GK9-GL9),1),1,TRUE,0)} | GP9: {=_xlfn.IFS($D9="","",AND(GN9=$C9,GO9=$D9),3,($C9-$D9)/MAX(ABS($C9-$D9),1)=(GN9-GO9)/MAX(ABS(GN9-GO9),1),1,TRUE,0)} | GS9: {=_xlfn.IFS($D9="","",AND(GQ9=$C9,GR9=$D9),3,($C9-$D9)/MAX(ABS($C9-$D9),1)=(GQ9-GR9)/MAX(ABS(GQ9-GR9),1),1,TRUE,0)} | GV9: {=_xlfn.IFS($D9="","",AND(GT9=$C9,GU9=$D9),3,($C9-$D9)/MAX(ABS($C9-$D9),1)=(GT9-GU9)/MAX(ABS(GT9-GU9),1),1,TRUE,0)} | GY9: {=_xlfn.IFS($D9="","",AND(GW9=$C9,GX9=$D9),3,($C9-$D9)/MAX(ABS($C9-$D9),1)=(GW9-GX9)/MAX(ABS(GW9-GX9),1),1,TRUE,0)} | HB9: {=_xlfn.IFS($D9="","",AND(GZ9=$C9,HA9=$D9),3,($C9-$D9)/MAX(ABS($C9-$D9),1)=(GZ9-HA9)/MAX(ABS(GZ9-HA9),1),1,TRUE,0)} | HE9: {=_xlfn.IFS($D9="","",AND(HC9=$C9,HD9=$D9),3,($C9-$D9)/MAX(ABS($C9-$D9),1)=(HC9-HD9)/MAX(ABS(HC9-HD9),1),1,TRUE,0)} | HH9: {=_xlfn.IFS($D9="","",AND(HF9=$C9,HG9=$D9),3,($C9-$D9)/MAX(ABS($C9-$D9),1)=(HF9-HG9)/MAX(ABS(HF9-HG9),1),1,TRUE,0)} | HK9: {=_xlfn.IFS($D9="","",AND(HI9=$C9,HJ9=$D9),3,($C9-$D9)/MAX(ABS($C9-$D9),1)=(HI9-HJ9)/MAX(ABS(HI9-HJ9),1),1,TRUE,0)} | HN9: {=_xlfn.IFS($D9="","",AND(HL9=$C9,HM9=$D9),3,($C9-$D9)/MAX(ABS($C9-$D9),1)=(HL9-HM9)/MAX(ABS(HL9-HM9),1),1,TRUE,0)} | HQ9: {=_xlfn.IFS($D9="","",AND(HO9=$C9,HP9=$D9),3,($C9-$D9)/MAX(ABS($C9-$D9),1)=(HO9-HP9)/MAX(ABS(HO9-HP9),1),1,TRUE,0)} | HT9: {=_xlfn.IFS($D9="","",AND(HR9=$C9,HS9=$D9),3,($C9-$D9)/MAX(ABS($C9-$D9),1)=(HR9-HS9)/MAX(ABS(HR9-HS9),1),1,TRUE,0)} | HW9: {=_xlfn.IFS($D9="","",AND(HU9=$C9,HV9=$D9),3,($C9-$D9)/MAX(ABS($C9-$D9),1)=(HU9-HV9)/MAX(ABS(HU9-HV9),1),1,TRUE,0)} | HZ9: {=_xlfn.IFS($D9="","",AND(HX9=$C9,HY9=$D9),3,($C9-$D9)/MAX(ABS($C9-$D9),1)=(HX9-HY9)/MAX(ABS(HX9-HY9),1),1,TRUE,0)} | IC9: {=_xlfn.IFS($D9="","",AND(IA9=$C9,IB9=$D9),3,($C9-$D9)/MAX(ABS($C9-$D9),1)=(IA9-IB9)/MAX(ABS(IA9-IB9),1),1,TRUE,0)} | IF9: {=_xlfn.IFS($D9="","",AND(ID9=$C9,IE9=$D9),3,($C9-$D9)/MAX(ABS($C9-$D9),1)=(ID9-IE9)/MAX(ABS(ID9-IE9),1),1,TRUE,0)} | II9: {=_xlfn.IFS($D9="","",AND(IG9=$C9,IH9=$D9),3,($C9-$D9)/MAX(ABS($C9-$D9),1)=(IG9-IH9)/MAX(ABS(IG9-IH9),1),1,TRUE,0)} | IL9: {=_xlfn.IFS($D9="","",AND(IJ9=$C9,IK9=$D9),3,($C9-$D9)/MAX(ABS($C9-$D9),1)=(IJ9-IK9)/MAX(ABS(IJ9-IK9),1),1,TRUE,0)} | IO9: {=_xlfn.IFS($D9="","",AND(IM9=$C9,IN9=$D9),3,($C9-$D9)/MAX(ABS($C9-$D9),1)=(IM9-IN9)/MAX(ABS(IM9-IN9),1),1,TRUE,0)} | IR9: {=_xlfn.IFS($D9="","",AND(IP9=$C9,IQ9=$D9),3,($C9-$D9)/MAX(ABS($C9-$D9),1)=(IP9-IQ9)/MAX(ABS(IP9-IQ9),1),1,TRUE,0)} | IU9: {=_xlfn.IFS($D9="","",AND(IS9=$C9,IT9=$D9),3,($C9-$D9)/MAX(ABS($C9-$D9),1)=(IS9-IT9)/MAX(ABS(IS9-IT9),1),1,TRUE,0)} | IX9: {=_xlfn.IFS($D9="","",AND(IV9=$C9,IW9=$D9),3,($C9-$D9)/MAX(ABS($C9-$D9),1)=(IV9-IW9)/MAX(ABS(IV9-IW9),1),1,TRUE,0)} | JA9: {=_xlfn.IFS($D9="","",AND(IY9=$C9,IZ9=$D9),3,($C9-$D9)/MAX(ABS($C9-$D9),1)=(IY9-IZ9)/MAX(ABS(IY9-IZ9),1),1,TRUE,0)} | JD9: {=_xlfn.IFS($D9="","",AND(JB9=$C9,JC9=$D9),3,($C9-$D9)/MAX(ABS($C9-$D9),1)=(JB9-JC9)/MAX(ABS(JB9-JC9),1),1,TRUE,0)}
A10: 46187 | B10: Australia | C10: {=_xlfn.LET( _xlpm.x,_xlfn.XLOOKUP(1,(Scores_Fixtures[Date]=A10)*(Scores_Fixtures[Home.1]=B10),Scores_Fixtures[Score.1],""), IF(_xlpm.x="","",_xlpm.x) )} | D10: {=_xlfn.LET( _xlpm.x,_xlfn.XLOOKUP(1,(Scores_Fixtures[Date]=A10)*(Scores_Fixtures[Home.1]=B10),Scores_Fixtures[Score.2],""), IF(_xlpm.x="","",_xlpm.x) )} | E10: Turkey | I10: {=_xlfn.IFS($D10="","",AND(G10=$C10,H10=$D10),3,($C10-$D10)/MAX(ABS($C10-$D10),1)=(G10-H10)/MAX(ABS(G10-H10),1),1,TRUE,0)} | L10: {=_xlfn.IFS($D10="","",AND(J10=$C10,K10=$D10),3,($C10-$D10)/MAX(ABS($C10-$D10),1)=(J10-K10)/MAX(ABS(J10-K10),1),1,TRUE,0)} | O10: {=_xlfn.IFS($D10="","",AND(M10=$C10,N10=$D10),3,($C10-$D10)/MAX(ABS($C10-$D10),1)=(M10-N10)/MAX(ABS(M10-N10),1),1,TRUE,0)} | R10: {=_xlfn.IFS($D10="","",AND(P10=$C10,Q10=$D10),3,($C10-$D10)/MAX(ABS($C10-$D10),1)=(P10-Q10)/MAX(ABS(P10-Q10),1),1,TRUE,0)} | U10: {=_xlfn.IFS($D10="","",AND(S10=$C10,T10=$D10),3,($C10-$D10)/MAX(ABS($C10-$D10),1)=(S10-T10)/MAX(ABS(S10-T10),1),1,TRUE,0)} | X10: {=_xlfn.IFS($D10="","",AND(V10=$C10,W10=$D10),3,($C10-$D10)/MAX(ABS($C10-$D10),1)=(V10-W10)/MAX(ABS(V10-W10),1),1,TRUE,0)} | AA10: {=_xlfn.IFS($D10="","",AND(Y10=$C10,Z10=$D10),3,($C10-$D10)/MAX(ABS($C10-$D10),1)=(Y10-Z10)/MAX(ABS(Y10-Z10),1),1,TRUE,0)} | AD10: {=_xlfn.IFS($D10="","",AND(AB10=$C10,AC10=$D10),3,($C10-$D10)/MAX(ABS($C10-$D10),1)=(AB10-AC10)/MAX(ABS(AB10-AC10),1),1,TRUE,0)} | AG10: {=_xlfn.IFS($D10="","",AND(AE10=$C10,AF10=$D10),3,($C10-$D10)/MAX(ABS($C10-$D10),1)=(AE10-AF10)/MAX(ABS(AE10-AF10),1),1,TRUE,0)} | AJ10: {=_xlfn.IFS($D10="","",AND(AH10=$C10,AI10=$D10),3,($C10-$D10)/MAX(ABS($C10-$D10),1)=(AH10-AI10)/MAX(ABS(AH10-AI10),1),1,TRUE,0)} | AM10: {=_xlfn.IFS($D10="","",AND(AK10=$C10,AL10=$D10),3,($C10-$D10)/MAX(ABS($C10-$D10),1)=(AK10-AL10)/MAX(ABS(AK10-AL10),1),1,TRUE,0)} | AP10: {=_xlfn.IFS($D10="","",AND(AN10=$C10,AO10=$D10),3,($C10-$D10)/MAX(ABS($C10-$D10),1)=(AN10-AO10)/MAX(ABS(AN10-AO10),1),1,TRUE,0)} | AS10: {=_xlfn.IFS($D10="","",AND(AQ10=$C10,AR10=$D10),3,($C10-$D10)/MAX(ABS($C10-$D10),1)=(AQ10-AR10)/MAX(ABS(AQ10-AR10),1),1,TRUE,0)} | AV10: {=_xlfn.IFS($D10="","",AND(AT10=$C10,AU10=$D10),3,($C10-$D10)/MAX(ABS($C10-$D10),1)=(AT10-AU10)/MAX(ABS(AT10-AU10),1),1,TRUE,0)} | AY10: {=_xlfn.IFS($D10="","",AND(AW10=$C10,AX10=$D10),3,($C10-$D10)/MAX(ABS($C10-$D10),1)=(AW10-AX10)/MAX(ABS(AW10-AX10),1),1,TRUE,0)} | BB10: {=_xlfn.IFS($D10="","",AND(AZ10=$C10,BA10=$D10),3,($C10-$D10)/MAX(ABS($C10-$D10),1)=(AZ10-BA10)/MAX(ABS(AZ10-BA10),1),1,TRUE,0)} | BE10: {=_xlfn.IFS($D10="","",AND(BC10=$C10,BD10=$D10),3,($C10-$D10)/MAX(ABS($C10-$D10),1)=(BC10-BD10)/MAX(ABS(BC10-BD10),1),1,TRUE,0)} | BH10: {=_xlfn.IFS($D10="","",AND(BF10=$C10,BG10=$D10),3,($C10-$D10)/MAX(ABS($C10-$D10),1)=(BF10-BG10)/MAX(ABS(BF10-BG10),1),1,TRUE,0)} | BK10: {=_xlfn.IFS($D10="","",AND(BI10=$C10,BJ10=$D10),3,($C10-$D10)/MAX(ABS($C10-$D10),1)=(BI10-BJ10)/MAX(ABS(BI10-BJ10),1),1,TRUE,0)} | BN10: {=_xlfn.IFS($D10="","",AND(BL10=$C10,BM10=$D10),3,($C10-$D10)/MAX(ABS($C10-$D10),1)=(BL10-BM10)/MAX(ABS(BL10-BM10),1),1,TRUE,0)} | BQ10: {=_xlfn.IFS($D10="","",AND(BO10=$C10,BP10=$D10),3,($C10-$D10)/MAX(ABS($C10-$D10),1)=(BO10-BP10)/MAX(ABS(BO10-BP10),1),1,TRUE,0)} | BT10: {=_xlfn.IFS($D10="","",AND(BR10=$C10,BS10=$D10),3,($C10-$D10)/MAX(ABS($C10-$D10),1)=(BR10-BS10)/MAX(ABS(BR10-BS10),1),1,TRUE,0)} | BW10: {=_xlfn.IFS($D10="","",AND(BU10=$C10,BV10=$D10),3,($C10-$D10)/MAX(ABS($C10-$D10),1)=(BU10-BV10)/MAX(ABS(BU10-BV10),1),1,TRUE,0)} | BZ10: {=_xlfn.IFS($D10="","",AND(BX10=$C10,BY10=$D10),3,($C10-$D10)/MAX(ABS($C10-$D10),1)=(BX10-BY10)/MAX(ABS(BX10-BY10),1),1,TRUE,0)} | CC10: {=_xlfn.IFS($D10="","",AND(CA10=$C10,CB10=$D10),3,($C10-$D10)/MAX(ABS($C10-$D10),1)=(CA10-CB10)/MAX(ABS(CA10-CB10),1),1,TRUE,0)} | CF10: {=_xlfn.IFS($D10="","",AND(CD10=$C10,CE10=$D10),3,($C10-$D10)/MAX(ABS($C10-$D10),1)=(CD10-CE10)/MAX(ABS(CD10-CE10),1),1,TRUE,0)} | CI10: {=_xlfn.IFS($D10="","",AND(CG10=$C10,CH10=$D10),3,($C10-$D10)/MAX(ABS($C10-$D10),1)=(CG10-CH10)/MAX(ABS(CG10-CH10),1),1,TRUE,0)} | CL10: {=_xlfn.IFS($D10="","",AND(CJ10=$C10,CK10=$D10),3,($C10-$D10)/MAX(ABS($C10-$D10),1)=(CJ10-CK10)/MAX(ABS(CJ10-CK10),1),1,TRUE,0)} | CO10: {=_xlfn.IFS($D10="","",AND(CM10=$C10,CN10=$D10),3,($C10-$D10)/MAX(ABS($C10-$D10),1)=(CM10-CN10)/MAX(ABS(CM10-CN10),1),1,TRUE,0)} | CR10: {=_xlfn.IFS($D10="","",AND(CP10=$C10,CQ10=$D10),3,($C10-$D10)/MAX(ABS($C10-$D10),1)=(CP10-CQ10)/MAX(ABS(CP10-CQ10),1),1,TRUE,0)} | CU10: {=_xlfn.IFS($D10="","",AND(CS10=$C10,CT10=$D10),3,($C10-$D10)/MAX(ABS($C10-$D10),1)=(CS10-CT10)/MAX(ABS(CS10-CT10),1),1,TRUE,0)} | CX10: {=_xlfn.IFS($D10="","",AND(CV10=$C10,CW10=$D10),3,($C10-$D10)/MAX(ABS($C10-$D10),1)=(CV10-CW10)/MAX(ABS(CV10-CW10),1),1,TRUE,0)} | DA10: {=_xlfn.IFS($D10="","",AND(CY10=$C10,CZ10=$D10),3,($C10-$D10)/MAX(ABS($C10-$D10),1)=(CY10-CZ10)/MAX(ABS(CY10-CZ10),1),1,TRUE,0)} | DD10: {=_xlfn.IFS($D10="","",AND(DB10=$C10,DC10=$D10),3,($C10-$D10)/MAX(ABS($C10-$D10),1)=(DB10-DC10)/MAX(ABS(DB10-DC10),1),1,TRUE,0)} | DG10: {=_xlfn.IFS($D10="","",AND(DE10=$C10,DF10=$D10),3,($C10-$D10)/MAX(ABS($C10-$D10),1)=(DE10-DF10)/MAX(ABS(DE10-DF10),1),1,TRUE,0)} | DJ10: {=_xlfn.IFS($D10="","",AND(DH10=$C10,DI10=$D10),3,($C10-$D10)/MAX(ABS($C10-$D10),1)=(DH10-DI10)/MAX(ABS(DH10-DI10),1),1,TRUE,0)} | DM10: {=_xlfn.IFS($D10="","",AND(DK10=$C10,DL10=$D10),3,($C10-$D10)/MAX(ABS($C10-$D10),1)=(DK10-DL10)/MAX(ABS(DK10-DL10),1),1,TRUE,0)} | DP10: {=_xlfn.IFS($D10="","",AND(DN10=$C10,DO10=$D10),3,($C10-$D10)/MAX(ABS($C10-$D10),1)=(DN10-DO10)/MAX(ABS(DN10-DO10),1),1,TRUE,0)} | DS10: {=_xlfn.IFS($D10="","",AND(DQ10=$C10,DR10=$D10),3,($C10-$D10)/MAX(ABS($C10-$D10),1)=(DQ10-DR10)/MAX(ABS(DQ10-DR10),1),1,TRUE,0)} | DV10: {=_xlfn.IFS($D10="","",AND(DT10=$C10,DU10=$D10),3,($C10-$D10)/MAX(ABS($C10-$D10),1)=(DT10-DU10)/MAX(ABS(DT10-DU10),1),1,TRUE,0)} | DY10: {=_xlfn.IFS($D10="","",AND(DW10=$C10,DX10=$D10),3,($C10-$D10)/MAX(ABS($C10-$D10),1)=(DW10-DX10)/MAX(ABS(DW10-DX10),1),1,TRUE,0)} | EB10: {=_xlfn.IFS($D10="","",AND(DZ10=$C10,EA10=$D10),3,($C10-$D10)/MAX(ABS($C10-$D10),1)=(DZ10-EA10)/MAX(ABS(DZ10-EA10),1),1,TRUE,0)} | EE10: {=_xlfn.IFS($D10="","",AND(EC10=$C10,ED10=$D10),3,($C10-$D10)/MAX(ABS($C10-$D10),1)=(EC10-ED10)/MAX(ABS(EC10-ED10),1),1,TRUE,0)} | EH10: {=_xlfn.IFS($D10="","",AND(EF10=$C10,EG10=$D10),3,($C10-$D10)/MAX(ABS($C10-$D10),1)=(EF10-EG10)/MAX(ABS(EF10-EG10),1),1,TRUE,0)} | EK10: {=_xlfn.IFS($D10="","",AND(EI10=$C10,EJ10=$D10),3,($C10-$D10)/MAX(ABS($C10-$D10),1)=(EI10-EJ10)/MAX(ABS(EI10-EJ10),1),1,TRUE,0)} | EN10: {=_xlfn.IFS($D10="","",AND(EL10=$C10,EM10=$D10),3,($C10-$D10)/MAX(ABS($C10-$D10),1)=(EL10-EM10)/MAX(ABS(EL10-EM10),1),1,TRUE,0)} | EQ10: {=_xlfn.IFS($D10="","",AND(EO10=$C10,EP10=$D10),3,($C10-$D10)/MAX(ABS($C10-$D10),1)=(EO10-EP10)/MAX(ABS(EO10-EP10),1),1,TRUE,0)} | ET10: {=_xlfn.IFS($D10="","",AND(ER10=$C10,ES10=$D10),3,($C10-$D10)/MAX(ABS($C10-$D10),1)=(ER10-ES10)/MAX(ABS(ER10-ES10),1),1,TRUE,0)} | EW10: {=_xlfn.IFS($D10="","",AND(EU10=$C10,EV10=$D10),3,($C10-$D10)/MAX(ABS($C10-$D10),1)=(EU10-EV10)/MAX(ABS(EU10-EV10),1),1,TRUE,0)} | EZ10: {=_xlfn.IFS($D10="","",AND(EX10=$C10,EY10=$D10),3,($C10-$D10)/MAX(ABS($C10-$D10),1)=(EX10-EY10)/MAX(ABS(EX10-EY10),1),1,TRUE,0)} | FC10: {=_xlfn.IFS($D10="","",AND(FA10=$C10,FB10=$D10),3,($C10-$D10)/MAX(ABS($C10-$D10),1)=(FA10-FB10)/MAX(ABS(FA10-FB10),1),1,TRUE,0)} | FF10: {=_xlfn.IFS($D10="","",AND(FD10=$C10,FE10=$D10),3,($C10-$D10)/MAX(ABS($C10-$D10),1)=(FD10-FE10)/MAX(ABS(FD10-FE10),1),1,TRUE,0)} | FI10: {=_xlfn.IFS($D10="","",AND(FG10=$C10,FH10=$D10),3,($C10-$D10)/MAX(ABS($C10-$D10),1)=(FG10-FH10)/MAX(ABS(FG10-FH10),1),1,TRUE,0)} | FL10: {=_xlfn.IFS($D10="","",AND(FJ10=$C10,FK10=$D10),3,($C10-$D10)/MAX(ABS($C10-$D10),1)=(FJ10-FK10)/MAX(ABS(FJ10-FK10),1),1,TRUE,0)} | FO10: {=_xlfn.IFS($D10="","",AND(FM10=$C10,FN10=$D10),3,($C10-$D10)/MAX(ABS($C10-$D10),1)=(FM10-FN10)/MAX(ABS(FM10-FN10),1),1,TRUE,0)} | FR10: {=_xlfn.IFS($D10="","",AND(FP10=$C10,FQ10=$D10),3,($C10-$D10)/MAX(ABS($C10-$D10),1)=(FP10-FQ10)/MAX(ABS(FP10-FQ10),1),1,TRUE,0)} | FU10: {=_xlfn.IFS($D10="","",AND(FS10=$C10,FT10=$D10),3,($C10-$D10)/MAX(ABS($C10-$D10),1)=(FS10-FT10)/MAX(ABS(FS10-FT10),1),1,TRUE,0)} | FX10: {=_xlfn.IFS($D10="","",AND(FV10=$C10,FW10=$D10),3,($C10-$D10)/MAX(ABS($C10-$D10),1)=(FV10-FW10)/MAX(ABS(FV10-FW10),1),1,TRUE,0)} | GA10: {=_xlfn.IFS($D10="","",AND(FY10=$C10,FZ10=$D10),3,($C10-$D10)/MAX(ABS($C10-$D10),1)=(FY10-FZ10)/MAX(ABS(FY10-FZ10),1),1,TRUE,0)} | GD10: {=_xlfn.IFS($D10="","",AND(GB10=$C10,GC10=$D10),3,($C10-$D10)/MAX(ABS($C10-$D10),1)=(GB10-GC10)/MAX(ABS(GB10-GC10),1),1,TRUE,0)} | GG10: {=_xlfn.IFS($D10="","",AND(GE10=$C10,GF10=$D10),3,($C10-$D10)/MAX(ABS($C10-$D10),1)=(GE10-GF10)/MAX(ABS(GE10-GF10),1),1,TRUE,0)} | GJ10: {=_xlfn.IFS($D10="","",AND(GH10=$C10,GI10=$D10),3,($C10-$D10)/MAX(ABS($C10-$D10),1)=(GH10-GI10)/MAX(ABS(GH10-GI10),1),1,TRUE,0)} | GM10: {=_xlfn.IFS($D10="","",AND(GK10=$C10,GL10=$D10),3,($C10-$D10)/MAX(ABS($C10-$D10),1)=(GK10-GL10)/MAX(ABS(GK10-GL10),1),1,TRUE,0)} | GP10: {=_xlfn.IFS($D10="","",AND(GN10=$C10,GO10=$D10),3,($C10-$D10)/MAX(ABS($C10-$D10),1)=(GN10-GO10)/MAX(ABS(GN10-GO10),1),1,TRUE,0)} | GS10: {=_xlfn.IFS($D10="","",AND(GQ10=$C10,GR10=$D10),3,($C10-$D10)/MAX(ABS($C10-$D10),1)=(GQ10-GR10)/MAX(ABS(GQ10-GR10),1),1,TRUE,0)} | GV10: {=_xlfn.IFS($D10="","",AND(GT10=$C10,GU10=$D10),3,($C10-$D10)/MAX(ABS($C10-$D10),1)=(GT10-GU10)/MAX(ABS(GT10-GU10),1),1,TRUE,0)} | GY10: {=_xlfn.IFS($D10="","",AND(GW10=$C10,GX10=$D10),3,($C10-$D10)/MAX(ABS($C10-$D10),1)=(GW10-GX10)/MAX(ABS(GW10-GX10),1),1,TRUE,0)} | HB10: {=_xlfn.IFS($D10="","",AND(GZ10=$C10,HA10=$D10),3,($C10-$D10)/MAX(ABS($C10-$D10),1)=(GZ10-HA10)/MAX(ABS(GZ10-HA10),1),1,TRUE,0)} | HE10: {=_xlfn.IFS($D10="","",AND(HC10=$C10,HD10=$D10),3,($C10-$D10)/MAX(ABS($C10-$D10),1)=(HC10-HD10)/MAX(ABS(HC10-HD10),1),1,TRUE,0)} | HH10: {=_xlfn.IFS($D10="","",AND(HF10=$C10,HG10=$D10),3,($C10-$D10)/MAX(ABS($C10-$D10),1)=(HF10-HG10)/MAX(ABS(HF10-HG10),1),1,TRUE,0)} | HK10: {=_xlfn.IFS($D10="","",AND(HI10=$C10,HJ10=$D10),3,($C10-$D10)/MAX(ABS($C10-$D10),1)=(HI10-HJ10)/MAX(ABS(HI10-HJ10),1),1,TRUE,0)} | HN10: {=_xlfn.IFS($D10="","",AND(HL10=$C10,HM10=$D10),3,($C10-$D10)/MAX(ABS($C10-$D10),1)=(HL10-HM10)/MAX(ABS(HL10-HM10),1),1,TRUE,0)} | HQ10: {=_xlfn.IFS($D10="","",AND(HO10=$C10,HP10=$D10),3,($C10-$D10)/MAX(ABS($C10-$D10),1)=(HO10-HP10)/MAX(ABS(HO10-HP10),1),1,TRUE,0)} | HT10: {=_xlfn.IFS($D10="","",AND(HR10=$C10,HS10=$D10),3,($C10-$D10)/MAX(ABS($C10-$D10),1)=(HR10-HS10)/MAX(ABS(HR10-HS10),1),1,TRUE,0)} | HW10: {=_xlfn.IFS($D10="","",AND(HU10=$C10,HV10=$D10),3,($C10-$D10)/MAX(ABS($C10-$D10),1)=(HU10-HV10)/MAX(ABS(HU10-HV10),1),1,TRUE,0)} | HZ10: {=_xlfn.IFS($D10="","",AND(HX10=$C10,HY10=$D10),3,($C10-$D10)/MAX(ABS($C10-$D10),1)=(HX10-HY10)/MAX(ABS(HX10-HY10),1),1,TRUE,0)} | IC10: {=_xlfn.IFS($D10="","",AND(IA10=$C10,IB10=$D10),3,($C10-$D10)/MAX(ABS($C10-$D10),1)=(IA10-IB10)/MAX(ABS(IA10-IB10),1),1,TRUE,0)} | IF10: {=_xlfn.IFS($D10="","",AND(ID10=$C10,IE10=$D10),3,($C10-$D10)/MAX(ABS($C10-$D10),1)=(ID10-IE10)/MAX(ABS(ID10-IE10),1),1,TRUE,0)} | II10: {=_xlfn.IFS($D10="","",AND(IG10=$C10,IH10=$D10),3,($C10-$D10)/MAX(ABS($C10-$D10),1)=(IG10-IH10)/MAX(ABS(IG10-IH10),1),1,TRUE,0)} | IL10: {=_xlfn.IFS($D10="","",AND(IJ10=$C10,IK10=$D10),3,($C10-$D10)/MAX(ABS($C10-$D10),1)=(IJ10-IK10)/MAX(ABS(IJ10-IK10),1),1,TRUE,0)} | IO10: {=_xlfn.IFS($D10="","",AND(IM10=$C10,IN10=$D10),3,($C10-$D10)/MAX(ABS($C10-$D10),1)=(IM10-IN10)/MAX(ABS(IM10-IN10),1),1,TRUE,0)} | IR10: {=_xlfn.IFS($D10="","",AND(IP10=$C10,IQ10=$D10),3,($C10-$D10)/MAX(ABS($C10-$D10),1)=(IP10-IQ10)/MAX(ABS(IP10-IQ10),1),1,TRUE,0)} | IU10: {=_xlfn.IFS($D10="","",AND(IS10=$C10,IT10=$D10),3,($C10-$D10)/MAX(ABS($C10-$D10),1)=(IS10-IT10)/MAX(ABS(IS10-IT10),1),1,TRUE,0)} | IX10: {=_xlfn.IFS($D10="","",AND(IV10=$C10,IW10=$D10),3,($C10-$D10)/MAX(ABS($C10-$D10),1)=(IV10-IW10)/MAX(ABS(IV10-IW10),1),1,TRUE,0)} | JA10: {=_xlfn.IFS($D10="","",AND(IY10=$C10,IZ10=$D10),3,($C10-$D10)/MAX(ABS($C10-$D10),1)=(IY10-IZ10)/MAX(ABS(IY10-IZ10),1),1,TRUE,0)} | JD10: {=_xlfn.IFS($D10="","",AND(JB10=$C10,JC10=$D10),3,($C10-$D10)/MAX(ABS($C10-$D10),1)=(JB10-JC10)/MAX(ABS(JB10-JC10),1),1,TRUE,0)}
A11: 46187 | B11: Germany | C11: {=_xlfn.LET( _xlpm.x,_xlfn.XLOOKUP(1,(Scores_Fixtures[Date]=A11)*(Scores_Fixtures[Home.1]=B11),Scores_Fixtures[Score.1],""), IF(_xlpm.x="","",_xlpm.x) )} | D11: {=_xlfn.LET( _xlpm.x,_xlfn.XLOOKUP(1,(Scores_Fixtures[Date]=A11)*(Scores_Fixtures[Home.1]=B11),Scores_Fixtures[Score.2],""), IF(_xlpm.x="","",_xlpm.x) )} | E11: Curacao | I11: {=_xlfn.IFS($D11="","",AND(G11=$C11,H11=$D11),3,($C11-$D11)/MAX(ABS($C11-$D11),1)=(G11-H11)/MAX(ABS(G11-H11),1),1,TRUE,0)} | L11: {=_xlfn.IFS($D11="","",AND(J11=$C11,K11=$D11),3,($C11-$D11)/MAX(ABS($C11-$D11),1)=(J11-K11)/MAX(ABS(J11-K11),1),1,TRUE,0)} | O11: {=_xlfn.IFS($D11="","",AND(M11=$C11,N11=$D11),3,($C11-$D11)/MAX(ABS($C11-$D11),1)=(M11-N11)/MAX(ABS(M11-N11),1),1,TRUE,0)} | R11: {=_xlfn.IFS($D11="","",AND(P11=$C11,Q11=$D11),3,($C11-$D11)/MAX(ABS($C11-$D11),1)=(P11-Q11)/MAX(ABS(P11-Q11),1),1,TRUE,0)} | U11: {=_xlfn.IFS($D11="","",AND(S11=$C11,T11=$D11),3,($C11-$D11)/MAX(ABS($C11-$D11),1)=(S11-T11)/MAX(ABS(S11-T11),1),1,TRUE,0)} | X11: {=_xlfn.IFS($D11="","",AND(V11=$C11,W11=$D11),3,($C11-$D11)/MAX(ABS($C11-$D11),1)=(V11-W11)/MAX(ABS(V11-W11),1),1,TRUE,0)} | AA11: {=_xlfn.IFS($D11="","",AND(Y11=$C11,Z11=$D11),3,($C11-$D11)/MAX(ABS($C11-$D11),1)=(Y11-Z11)/MAX(ABS(Y11-Z11),1),1,TRUE,0)} | AD11: {=_xlfn.IFS($D11="","",AND(AB11=$C11,AC11=$D11),3,($C11-$D11)/MAX(ABS($C11-$D11),1)=(AB11-AC11)/MAX(ABS(AB11-AC11),1),1,TRUE,0)} | AG11: {=_xlfn.IFS($D11="","",AND(AE11=$C11,AF11=$D11),3,($C11-$D11)/MAX(ABS($C11-$D11),1)=(AE11-AF11)/MAX(ABS(AE11-AF11),1),1,TRUE,0)} | AJ11: {=_xlfn.IFS($D11="","",AND(AH11=$C11,AI11=$D11),3,($C11-$D11)/MAX(ABS($C11-$D11),1)=(AH11-AI11)/MAX(ABS(AH11-AI11),1),1,TRUE,0)} | AM11: {=_xlfn.IFS($D11="","",AND(AK11=$C11,AL11=$D11),3,($C11-$D11)/MAX(ABS($C11-$D11),1)=(AK11-AL11)/MAX(ABS(AK11-AL11),1),1,TRUE,0)} | AP11: {=_xlfn.IFS($D11="","",AND(AN11=$C11,AO11=$D11),3,($C11-$D11)/MAX(ABS($C11-$D11),1)=(AN11-AO11)/MAX(ABS(AN11-AO11),1),1,TRUE,0)} | AS11: {=_xlfn.IFS($D11="","",AND(AQ11=$C11,AR11=$D11),3,($C11-$D11)/MAX(ABS($C11-$D11),1)=(AQ11-AR11)/MAX(ABS(AQ11-AR11),1),1,TRUE,0)} | AV11: {=_xlfn.IFS($D11="","",AND(AT11=$C11,AU11=$D11),3,($C11-$D11)/MAX(ABS($C11-$D11),1)=(AT11-AU11)/MAX(ABS(AT11-AU11),1),1,TRUE,0)} | AY11: {=_xlfn.IFS($D11="","",AND(AW11=$C11,AX11=$D11),3,($C11-$D11)/MAX(ABS($C11-$D11),1)=(AW11-AX11)/MAX(ABS(AW11-AX11),1),1,TRUE,0)} | BB11: {=_xlfn.IFS($D11="","",AND(AZ11=$C11,BA11=$D11),3,($C11-$D11)/MAX(ABS($C11-$D11),1)=(AZ11-BA11)/MAX(ABS(AZ11-BA11),1),1,TRUE,0)} | BE11: {=_xlfn.IFS($D11="","",AND(BC11=$C11,BD11=$D11),3,($C11-$D11)/MAX(ABS($C11-$D11),1)=(BC11-BD11)/MAX(ABS(BC11-BD11),1),1,TRUE,0)} | BH11: {=_xlfn.IFS($D11="","",AND(BF11=$C11,BG11=$D11),3,($C11-$D11)/MAX(ABS($C11-$D11),1)=(BF11-BG11)/MAX(ABS(BF11-BG11),1),1,TRUE,0)} | BK11: {=_xlfn.IFS($D11="","",AND(BI11=$C11,BJ11=$D11),3,($C11-$D11)/MAX(ABS($C11-$D11),1)=(BI11-BJ11)/MAX(ABS(BI11-BJ11),1),1,TRUE,0)} | BN11: {=_xlfn.IFS($D11="","",AND(BL11=$C11,BM11=$D11),3,($C11-$D11)/MAX(ABS($C11-$D11),1)=(BL11-BM11)/MAX(ABS(BL11-BM11),1),1,TRUE,0)} | BQ11: {=_xlfn.IFS($D11="","",AND(BO11=$C11,BP11=$D11),3,($C11-$D11)/MAX(ABS($C11-$D11),1)=(BO11-BP11)/MAX(ABS(BO11-BP11),1),1,TRUE,0)} | BT11: {=_xlfn.IFS($D11="","",AND(BR11=$C11,BS11=$D11),3,($C11-$D11)/MAX(ABS($C11-$D11),1)=(BR11-BS11)/MAX(ABS(BR11-BS11),1),1,TRUE,0)} | BW11: {=_xlfn.IFS($D11="","",AND(BU11=$C11,BV11=$D11),3,($C11-$D11)/MAX(ABS($C11-$D11),1)=(BU11-BV11)/MAX(ABS(BU11-BV11),1),1,TRUE,0)} | BZ11: {=_xlfn.IFS($D11="","",AND(BX11=$C11,BY11=$D11),3,($C11-$D11)/MAX(ABS($C11-$D11),1)=(BX11-BY11)/MAX(ABS(BX11-BY11),1),1,TRUE,0)} | CC11: {=_xlfn.IFS($D11="","",AND(CA11=$C11,CB11=$D11),3,($C11-$D11)/MAX(ABS($C11-$D11),1)=(CA11-CB11)/MAX(ABS(CA11-CB11),1),1,TRUE,0)} | CF11: {=_xlfn.IFS($D11="","",AND(CD11=$C11,CE11=$D11),3,($C11-$D11)/MAX(ABS($C11-$D11),1)=(CD11-CE11)/MAX(ABS(CD11-CE11),1),1,TRUE,0)} | CI11: {=_xlfn.IFS($D11="","",AND(CG11=$C11,CH11=$D11),3,($C11-$D11)/MAX(ABS($C11-$D11),1)=(CG11-CH11)/MAX(ABS(CG11-CH11),1),1,TRUE,0)} | CL11: {=_xlfn.IFS($D11="","",AND(CJ11=$C11,CK11=$D11),3,($C11-$D11)/MAX(ABS($C11-$D11),1)=(CJ11-CK11)/MAX(ABS(CJ11-CK11),1),1,TRUE,0)} | CO11: {=_xlfn.IFS($D11="","",AND(CM11=$C11,CN11=$D11),3,($C11-$D11)/MAX(ABS($C11-$D11),1)=(CM11-CN11)/MAX(ABS(CM11-CN11),1),1,TRUE,0)} | CR11: {=_xlfn.IFS($D11="","",AND(CP11=$C11,CQ11=$D11),3,($C11-$D11)/MAX(ABS($C11-$D11),1)=(CP11-CQ11)/MAX(ABS(CP11-CQ11),1),1,TRUE,0)} | CU11: {=_xlfn.IFS($D11="","",AND(CS11=$C11,CT11=$D11),3,($C11-$D11)/MAX(ABS($C11-$D11),1)=(CS11-CT11)/MAX(ABS(CS11-CT11),1),1,TRUE,0)} | CX11: {=_xlfn.IFS($D11="","",AND(CV11=$C11,CW11=$D11),3,($C11-$D11)/MAX(ABS($C11-$D11),1)=(CV11-CW11)/MAX(ABS(CV11-CW11),1),1,TRUE,0)} | DA11: {=_xlfn.IFS($D11="","",AND(CY11=$C11,CZ11=$D11),3,($C11-$D11)/MAX(ABS($C11-$D11),1)=(CY11-CZ11)/MAX(ABS(CY11-CZ11),1),1,TRUE,0)} | DD11: {=_xlfn.IFS($D11="","",AND(DB11=$C11,DC11=$D11),3,($C11-$D11)/MAX(ABS($C11-$D11),1)=(DB11-DC11)/MAX(ABS(DB11-DC11),1),1,TRUE,0)} | DG11: {=_xlfn.IFS($D11="","",AND(DE11=$C11,DF11=$D11),3,($C11-$D11)/MAX(ABS($C11-$D11),1)=(DE11-DF11)/MAX(ABS(DE11-DF11),1),1,TRUE,0)} | DJ11: {=_xlfn.IFS($D11="","",AND(DH11=$C11,DI11=$D11),3,($C11-$D11)/MAX(ABS($C11-$D11),1)=(DH11-DI11)/MAX(ABS(DH11-DI11),1),1,TRUE,0)} | DM11: {=_xlfn.IFS($D11="","",AND(DK11=$C11,DL11=$D11),3,($C11-$D11)/MAX(ABS($C11-$D11),1)=(DK11-DL11)/MAX(ABS(DK11-DL11),1),1,TRUE,0)} | DP11: {=_xlfn.IFS($D11="","",AND(DN11=$C11,DO11=$D11),3,($C11-$D11)/MAX(ABS($C11-$D11),1)=(DN11-DO11)/MAX(ABS(DN11-DO11),1),1,TRUE,0)} | DS11: {=_xlfn.IFS($D11="","",AND(DQ11=$C11,DR11=$D11),3,($C11-$D11)/MAX(ABS($C11-$D11),1)=(DQ11-DR11)/MAX(ABS(DQ11-DR11),1),1,TRUE,0)} | DV11: {=_xlfn.IFS($D11="","",AND(DT11=$C11,DU11=$D11),3,($C11-$D11)/MAX(ABS($C11-$D11),1)=(DT11-DU11)/MAX(ABS(DT11-DU11),1),1,TRUE,0)} | DY11: {=_xlfn.IFS($D11="","",AND(DW11=$C11,DX11=$D11),3,($C11-$D11)/MAX(ABS($C11-$D11),1)=(DW11-DX11)/MAX(ABS(DW11-DX11),1),1,TRUE,0)} | EB11: {=_xlfn.IFS($D11="","",AND(DZ11=$C11,EA11=$D11),3,($C11-$D11)/MAX(ABS($C11-$D11),1)=(DZ11-EA11)/MAX(ABS(DZ11-EA11),1),1,TRUE,0)} | EE11: {=_xlfn.IFS($D11="","",AND(EC11=$C11,ED11=$D11),3,($C11-$D11)/MAX(ABS($C11-$D11),1)=(EC11-ED11)/MAX(ABS(EC11-ED11),1),1,TRUE,0)} | EH11: {=_xlfn.IFS($D11="","",AND(EF11=$C11,EG11=$D11),3,($C11-$D11)/MAX(ABS($C11-$D11),1)=(EF11-EG11)/MAX(ABS(EF11-EG11),1),1,TRUE,0)} | EK11: {=_xlfn.IFS($D11="","",AND(EI11=$C11,EJ11=$D11),3,($C11-$D11)/MAX(ABS($C11-$D11),1)=(EI11-EJ11)/MAX(ABS(EI11-EJ11),1),1,TRUE,0)} | EN11: {=_xlfn.IFS($D11="","",AND(EL11=$C11,EM11=$D11),3,($C11-$D11)/MAX(ABS($C11-$D11),1)=(EL11-EM11)/MAX(ABS(EL11-EM11),1),1,TRUE,0)} | EQ11: {=_xlfn.IFS($D11="","",AND(EO11=$C11,EP11=$D11),3,($C11-$D11)/MAX(ABS($C11-$D11),1)=(EO11-EP11)/MAX(ABS(EO11-EP11),1),1,TRUE,0)} | ET11: {=_xlfn.IFS($D11="","",AND(ER11=$C11,ES11=$D11),3,($C11-$D11)/MAX(ABS($C11-$D11),1)=(ER11-ES11)/MAX(ABS(ER11-ES11),1),1,TRUE,0)} | EW11: {=_xlfn.IFS($D11="","",AND(EU11=$C11,EV11=$D11),3,($C11-$D11)/MAX(ABS($C11-$D11),1)=(EU11-EV11)/MAX(ABS(EU11-EV11),1),1,TRUE,0)} | EZ11: {=_xlfn.IFS($D11="","",AND(EX11=$C11,EY11=$D11),3,($C11-$D11)/MAX(ABS($C11-$D11),1)=(EX11-EY11)/MAX(ABS(EX11-EY11),1),1,TRUE,0)} | FC11: {=_xlfn.IFS($D11="","",AND(FA11=$C11,FB11=$D11),3,($C11-$D11)/MAX(ABS($C11-$D11),1)=(FA11-FB11)/MAX(ABS(FA11-FB11),1),1,TRUE,0)} | FF11: {=_xlfn.IFS($D11="","",AND(FD11=$C11,FE11=$D11),3,($C11-$D11)/MAX(ABS($C11-$D11),1)=(FD11-FE11)/MAX(ABS(FD11-FE11),1),1,TRUE,0)} | FI11: {=_xlfn.IFS($D11="","",AND(FG11=$C11,FH11=$D11),3,($C11-$D11)/MAX(ABS($C11-$D11),1)=(FG11-FH11)/MAX(ABS(FG11-FH11),1),1,TRUE,0)} | FL11: {=_xlfn.IFS($D11="","",AND(FJ11=$C11,FK11=$D11),3,($C11-$D11)/MAX(ABS($C11-$D11),1)=(FJ11-FK11)/MAX(ABS(FJ11-FK11),1),1,TRUE,0)} | FO11: {=_xlfn.IFS($D11="","",AND(FM11=$C11,FN11=$D11),3,($C11-$D11)/MAX(ABS($C11-$D11),1)=(FM11-FN11)/MAX(ABS(FM11-FN11),1),1,TRUE,0)} | FR11: {=_xlfn.IFS($D11="","",AND(FP11=$C11,FQ11=$D11),3,($C11-$D11)/MAX(ABS($C11-$D11),1)=(FP11-FQ11)/MAX(ABS(FP11-FQ11),1),1,TRUE,0)} | FU11: {=_xlfn.IFS($D11="","",AND(FS11=$C11,FT11=$D11),3,($C11-$D11)/MAX(ABS($C11-$D11),1)=(FS11-FT11)/MAX(ABS(FS11-FT11),1),1,TRUE,0)} | FX11: {=_xlfn.IFS($D11="","",AND(FV11=$C11,FW11=$D11),3,($C11-$D11)/MAX(ABS($C11-$D11),1)=(FV11-FW11)/MAX(ABS(FV11-FW11),1),1,TRUE,0)} | GA11: {=_xlfn.IFS($D11="","",AND(FY11=$C11,FZ11=$D11),3,($C11-$D11)/MAX(ABS($C11-$D11),1)=(FY11-FZ11)/MAX(ABS(FY11-FZ11),1),1,TRUE,0)} | GD11: {=_xlfn.IFS($D11="","",AND(GB11=$C11,GC11=$D11),3,($C11-$D11)/MAX(ABS($C11-$D11),1)=(GB11-GC11)/MAX(ABS(GB11-GC11),1),1,TRUE,0)} | GG11: {=_xlfn.IFS($D11="","",AND(GE11=$C11,GF11=$D11),3,($C11-$D11)/MAX(ABS($C11-$D11),1)=(GE11-GF11)/MAX(ABS(GE11-GF11),1),1,TRUE,0)} | GJ11: {=_xlfn.IFS($D11="","",AND(GH11=$C11,GI11=$D11),3,($C11-$D11)/MAX(ABS($C11-$D11),1)=(GH11-GI11)/MAX(ABS(GH11-GI11),1),1,TRUE,0)} | GM11: {=_xlfn.IFS($D11="","",AND(GK11=$C11,GL11=$D11),3,($C11-$D11)/MAX(ABS($C11-$D11),1)=(GK11-GL11)/MAX(ABS(GK11-GL11),1),1,TRUE,0)} | GP11: {=_xlfn.IFS($D11="","",AND(GN11=$C11,GO11=$D11),3,($C11-$D11)/MAX(ABS($C11-$D11),1)=(GN11-GO11)/MAX(ABS(GN11-GO11),1),1,TRUE,0)} | GS11: {=_xlfn.IFS($D11="","",AND(GQ11=$C11,GR11=$D11),3,($C11-$D11)/MAX(ABS($C11-$D11),1)=(GQ11-GR11)/MAX(ABS(GQ11-GR11),1),1,TRUE,0)} | GV11: {=_xlfn.IFS($D11="","",AND(GT11=$C11,GU11=$D11),3,($C11-$D11)/MAX(ABS($C11-$D11),1)=(GT11-GU11)/MAX(ABS(GT11-GU11),1),1,TRUE,0)} | GY11: {=_xlfn.IFS($D11="","",AND(GW11=$C11,GX11=$D11),3,($C11-$D11)/MAX(ABS($C11-$D11),1)=(GW11-GX11)/MAX(ABS(GW11-GX11),1),1,TRUE,0)} | HB11: {=_xlfn.IFS($D11="","",AND(GZ11=$C11,HA11=$D11),3,($C11-$D11)/MAX(ABS($C11-$D11),1)=(GZ11-HA11)/MAX(ABS(GZ11-HA11),1),1,TRUE,0)} | HE11: {=_xlfn.IFS($D11="","",AND(HC11=$C11,HD11=$D11),3,($C11-$D11)/MAX(ABS($C11-$D11),1)=(HC11-HD11)/MAX(ABS(HC11-HD11),1),1,TRUE,0)} | HH11: {=_xlfn.IFS($D11="","",AND(HF11=$C11,HG11=$D11),3,($C11-$D11)/MAX(ABS($C11-$D11),1)=(HF11-HG11)/MAX(ABS(HF11-HG11),1),1,TRUE,0)} | HK11: {=_xlfn.IFS($D11="","",AND(HI11=$C11,HJ11=$D11),3,($C11-$D11)/MAX(ABS($C11-$D11),1)=(HI11-HJ11)/MAX(ABS(HI11-HJ11),1),1,TRUE,0)} | HN11: {=_xlfn.IFS($D11="","",AND(HL11=$C11,HM11=$D11),3,($C11-$D11)/MAX(ABS($C11-$D11),1)=(HL11-HM11)/MAX(ABS(HL11-HM11),1),1,TRUE,0)} | HQ11: {=_xlfn.IFS($D11="","",AND(HO11=$C11,HP11=$D11),3,($C11-$D11)/MAX(ABS($C11-$D11),1)=(HO11-HP11)/MAX(ABS(HO11-HP11),1),1,TRUE,0)} | HT11: {=_xlfn.IFS($D11="","",AND(HR11=$C11,HS11=$D11),3,($C11-$D11)/MAX(ABS($C11-$D11),1)=(HR11-HS11)/MAX(ABS(HR11-HS11),1),1,TRUE,0)} | HW11: {=_xlfn.IFS($D11="","",AND(HU11=$C11,HV11=$D11),3,($C11-$D11)/MAX(ABS($C11-$D11),1)=(HU11-HV11)/MAX(ABS(HU11-HV11),1),1,TRUE,0)} | HZ11: {=_xlfn.IFS($D11="","",AND(HX11=$C11,HY11=$D11),3,($C11-$D11)/MAX(ABS($C11-$D11),1)=(HX11-HY11)/MAX(ABS(HX11-HY11),1),1,TRUE,0)} | IC11: {=_xlfn.IFS($D11="","",AND(IA11=$C11,IB11=$D11),3,($C11-$D11)/MAX(ABS($C11-$D11),1)=(IA11-IB11)/MAX(ABS(IA11-IB11),1),1,TRUE,0)} | IF11: {=_xlfn.IFS($D11="","",AND(ID11=$C11,IE11=$D11),3,($C11-$D11)/MAX(ABS($C11-$D11),1)=(ID11-IE11)/MAX(ABS(ID11-IE11),1),1,TRUE,0)} | II11: {=_xlfn.IFS($D11="","",AND(IG11=$C11,IH11=$D11),3,($C11-$D11)/MAX(ABS($C11-$D11),1)=(IG11-IH11)/MAX(ABS(IG11-IH11),1),1,TRUE,0)} | IL11: {=_xlfn.IFS($D11="","",AND(IJ11=$C11,IK11=$D11),3,($C11-$D11)/MAX(ABS($C11-$D11),1)=(IJ11-IK11)/MAX(ABS(IJ11-IK11),1),1,TRUE,0)} | IO11: {=_xlfn.IFS($D11="","",AND(IM11=$C11,IN11=$D11),3,($C11-$D11)/MAX(ABS($C11-$D11),1)=(IM11-IN11)/MAX(ABS(IM11-IN11),1),1,TRUE,0)} | IR11: {=_xlfn.IFS($D11="","",AND(IP11=$C11,IQ11=$D11),3,($C11-$D11)/MAX(ABS($C11-$D11),1)=(IP11-IQ11)/MAX(ABS(IP11-IQ11),1),1,TRUE,0)} | IU11: {=_xlfn.IFS($D11="","",AND(IS11=$C11,IT11=$D11),3,($C11-$D11)/MAX(ABS($C11-$D11),1)=(IS11-IT11)/MAX(ABS(IS11-IT11),1),1,TRUE,0)} | IX11: {=_xlfn.IFS($D11="","",AND(IV11=$C11,IW11=$D11),3,($C11-$D11)/MAX(ABS($C11-$D11),1)=(IV11-IW11)/MAX(ABS(IV11-IW11),1),1,TRUE,0)} | JA11: {=_xlfn.IFS($D11="","",AND(IY11=$C11,IZ11=$D11),3,($C11-$D11)/MAX(ABS($C11-$D11),1)=(IY11-IZ11)/MAX(ABS(IY11-IZ11),1),1,TRUE,0)} | JD11: {=_xlfn.IFS($D11="","",AND(JB11=$C11,JC11=$D11),3,($C11-$D11)/MAX(ABS($C11-$D11),1)=(JB11-JC11)/MAX(ABS(JB11-JC11),1),1,TRUE,0)}
A12: 46187 | B12: Netherlands | C12: {=_xlfn.LET( _xlpm.x,_xlfn.XLOOKUP(1,(Scores_Fixtures[Date]=A12)*(Scores_Fixtures[Home.1]=B12),Scores_Fixtures[Score.1],""), IF(_xlpm.x="","",_xlpm.x) )} | D12: {=_xlfn.LET( _xlpm.x,_xlfn.XLOOKUP(1,(Scores_Fixtures[Date]=A12)*(Scores_Fixtures[Home.1]=B12),Scores_Fixtures[Score.2],""), IF(_xlpm.x="","",_xlpm.x) )} | E12: Japan | I12: {=_xlfn.IFS($D12="","",AND(G12=$C12,H12=$D12),3,($C12-$D12)/MAX(ABS($C12-$D12),1)=(G12-H12)/MAX(ABS(G12-H12),1),1,TRUE,0)} | L12: {=_xlfn.IFS($D12="","",AND(J12=$C12,K12=$D12),3,($C12-$D12)/MAX(ABS($C12-$D12),1)=(J12-K12)/MAX(ABS(J12-K12),1),1,TRUE,0)} | O12: {=_xlfn.IFS($D12="","",AND(M12=$C12,N12=$D12),3,($C12-$D12)/MAX(ABS($C12-$D12),1)=(M12-N12)/MAX(ABS(M12-N12),1),1,TRUE,0)} | R12: {=_xlfn.IFS($D12="","",AND(P12=$C12,Q12=$D12),3,($C12-$D12)/MAX(ABS($C12-$D12),1)=(P12-Q12)/MAX(ABS(P12-Q12),1),1,TRUE,0)} | U12: {=_xlfn.IFS($D12="","",AND(S12=$C12,T12=$D12),3,($C12-$D12)/MAX(ABS($C12-$D12),1)=(S12-T12)/MAX(ABS(S12-T12),1),1,TRUE,0)} | X12: {=_xlfn.IFS($D12="","",AND(V12=$C12,W12=$D12),3,($C12-$D12)/MAX(ABS($C12-$D12),1)=(V12-W12)/MAX(ABS(V12-W12),1),1,TRUE,0)} | AA12: {=_xlfn.IFS($D12="","",AND(Y12=$C12,Z12=$D12),3,($C12-$D12)/MAX(ABS($C12-$D12),1)=(Y12-Z12)/MAX(ABS(Y12-Z12),1),1,TRUE,0)} | AD12: {=_xlfn.IFS($D12="","",AND(AB12=$C12,AC12=$D12),3,($C12-$D12)/MAX(ABS($C12-$D12),1)=(AB12-AC12)/MAX(ABS(AB12-AC12),1),1,TRUE,0)} | AG12: {=_xlfn.IFS($D12="","",AND(AE12=$C12,AF12=$D12),3,($C12-$D12)/MAX(ABS($C12-$D12),1)=(AE12-AF12)/MAX(ABS(AE12-AF12),1),1,TRUE,0)} | AJ12: {=_xlfn.IFS($D12="","",AND(AH12=$C12,AI12=$D12),3,($C12-$D12)/MAX(ABS($C12-$D12),1)=(AH12-AI12)/MAX(ABS(AH12-AI12),1),1,TRUE,0)} | AM12: {=_xlfn.IFS($D12="","",AND(AK12=$C12,AL12=$D12),3,($C12-$D12)/MAX(ABS($C12-$D12),1)=(AK12-AL12)/MAX(ABS(AK12-AL12),1),1,TRUE,0)} | AP12: {=_xlfn.IFS($D12="","",AND(AN12=$C12,AO12=$D12),3,($C12-$D12)/MAX(ABS($C12-$D12),1)=(AN12-AO12)/MAX(ABS(AN12-AO12),1),1,TRUE,0)} | AS12: {=_xlfn.IFS($D12="","",AND(AQ12=$C12,AR12=$D12),3,($C12-$D12)/MAX(ABS($C12-$D12),1)=(AQ12-AR12)/MAX(ABS(AQ12-AR12),1),1,TRUE,0)} | AV12: {=_xlfn.IFS($D12="","",AND(AT12=$C12,AU12=$D12),3,($C12-$D12)/MAX(ABS($C12-$D12),1)=(AT12-AU12)/MAX(ABS(AT12-AU12),1),1,TRUE,0)} | AY12: {=_xlfn.IFS($D12="","",AND(AW12=$C12,AX12=$D12),3,($C12-$D12)/MAX(ABS($C12-$D12),1)=(AW12-AX12)/MAX(ABS(AW12-AX12),1),1,TRUE,0)} | BB12: {=_xlfn.IFS($D12="","",AND(AZ12=$C12,BA12=$D12),3,($C12-$D12)/MAX(ABS($C12-$D12),1)=(AZ12-BA12)/MAX(ABS(AZ12-BA12),1),1,TRUE,0)} | BE12: {=_xlfn.IFS($D12="","",AND(BC12=$C12,BD12=$D12),3,($C12-$D12)/MAX(ABS($C12-$D12),1)=(BC12-BD12)/MAX(ABS(BC12-BD12),1),1,TRUE,0)} | BH12: {=_xlfn.IFS($D12="","",AND(BF12=$C12,BG12=$D12),3,($C12-$D12)/MAX(ABS($C12-$D12),1)=(BF12-BG12)/MAX(ABS(BF12-BG12),1),1,TRUE,0)} | BK12: {=_xlfn.IFS($D12="","",AND(BI12=$C12,BJ12=$D12),3,($C12-$D12)/MAX(ABS($C12-$D12),1)=(BI12-BJ12)/MAX(ABS(BI12-BJ12),1),1,TRUE,0)} | BN12: {=_xlfn.IFS($D12="","",AND(BL12=$C12,BM12=$D12),3,($C12-$D12)/MAX(ABS($C12-$D12),1)=(BL12-BM12)/MAX(ABS(BL12-BM12),1),1,TRUE,0)} | BQ12: {=_xlfn.IFS($D12="","",AND(BO12=$C12,BP12=$D12),3,($C12-$D12)/MAX(ABS($C12-$D12),1)=(BO12-BP12)/MAX(ABS(BO12-BP12),1),1,TRUE,0)} | BT12: {=_xlfn.IFS($D12="","",AND(BR12=$C12,BS12=$D12),3,($C12-$D12)/MAX(ABS($C12-$D12),1)=(BR12-BS12)/MAX(ABS(BR12-BS12),1),1,TRUE,0)} | BW12: {=_xlfn.IFS($D12="","",AND(BU12=$C12,BV12=$D12),3,($C12-$D12)/MAX(ABS($C12-$D12),1)=(BU12-BV12)/MAX(ABS(BU12-BV12),1),1,TRUE,0)} | BZ12: {=_xlfn.IFS($D12="","",AND(BX12=$C12,BY12=$D12),3,($C12-$D12)/MAX(ABS($C12-$D12),1)=(BX12-BY12)/MAX(ABS(BX12-BY12),1),1,TRUE,0)} | CC12: {=_xlfn.IFS($D12="","",AND(CA12=$C12,CB12=$D12),3,($C12-$D12)/MAX(ABS($C12-$D12),1)=(CA12-CB12)/MAX(ABS(CA12-CB12),1),1,TRUE,0)} | CF12: {=_xlfn.IFS($D12="","",AND(CD12=$C12,CE12=$D12),3,($C12-$D12)/MAX(ABS($C12-$D12),1)=(CD12-CE12)/MAX(ABS(CD12-CE12),1),1,TRUE,0)} | CI12: {=_xlfn.IFS($D12="","",AND(CG12=$C12,CH12=$D12),3,($C12-$D12)/MAX(ABS($C12-$D12),1)=(CG12-CH12)/MAX(ABS(CG12-CH12),1),1,TRUE,0)} | CL12: {=_xlfn.IFS($D12="","",AND(CJ12=$C12,CK12=$D12),3,($C12-$D12)/MAX(ABS($C12-$D12),1)=(CJ12-CK12)/MAX(ABS(CJ12-CK12),1),1,TRUE,0)} | CO12: {=_xlfn.IFS($D12="","",AND(CM12=$C12,CN12=$D12),3,($C12-$D12)/MAX(ABS($C12-$D12),1)=(CM12-CN12)/MAX(ABS(CM12-CN12),1),1,TRUE,0)} | CR12: {=_xlfn.IFS($D12="","",AND(CP12=$C12,CQ12=$D12),3,($C12-$D12)/MAX(ABS($C12-$D12),1)=(CP12-CQ12)/MAX(ABS(CP12-CQ12),1),1,TRUE,0)} | CU12: {=_xlfn.IFS($D12="","",AND(CS12=$C12,CT12=$D12),3,($C12-$D12)/MAX(ABS($C12-$D12),1)=(CS12-CT12)/MAX(ABS(CS12-CT12),1),1,TRUE,0)} | CX12: {=_xlfn.IFS($D12="","",AND(CV12=$C12,CW12=$D12),3,($C12-$D12)/MAX(ABS($C12-$D12),1)=(CV12-CW12)/MAX(ABS(CV12-CW12),1),1,TRUE,0)} | DA12: {=_xlfn.IFS($D12="","",AND(CY12=$C12,CZ12=$D12),3,($C12-$D12)/MAX(ABS($C12-$D12),1)=(CY12-CZ12)/MAX(ABS(CY12-CZ12),1),1,TRUE,0)} | DD12: {=_xlfn.IFS($D12="","",AND(DB12=$C12,DC12=$D12),3,($C12-$D12)/MAX(ABS($C12-$D12),1)=(DB12-DC12)/MAX(ABS(DB12-DC12),1),1,TRUE,0)} | DG12: {=_xlfn.IFS($D12="","",AND(DE12=$C12,DF12=$D12),3,($C12-$D12)/MAX(ABS($C12-$D12),1)=(DE12-DF12)/MAX(ABS(DE12-DF12),1),1,TRUE,0)} | DJ12: {=_xlfn.IFS($D12="","",AND(DH12=$C12,DI12=$D12),3,($C12-$D12)/MAX(ABS($C12-$D12),1)=(DH12-DI12)/MAX(ABS(DH12-DI12),1),1,TRUE,0)} | DM12: {=_xlfn.IFS($D12="","",AND(DK12=$C12,DL12=$D12),3,($C12-$D12)/MAX(ABS($C12-$D12),1)=(DK12-DL12)/MAX(ABS(DK12-DL12),1),1,TRUE,0)} | DP12: {=_xlfn.IFS($D12="","",AND(DN12=$C12,DO12=$D12),3,($C12-$D12)/MAX(ABS($C12-$D12),1)=(DN12-DO12)/MAX(ABS(DN12-DO12),1),1,TRUE,0)} | DS12: {=_xlfn.IFS($D12="","",AND(DQ12=$C12,DR12=$D12),3,($C12-$D12)/MAX(ABS($C12-$D12),1)=(DQ12-DR12)/MAX(ABS(DQ12-DR12),1),1,TRUE,0)} | DV12: {=_xlfn.IFS($D12="","",AND(DT12=$C12,DU12=$D12),3,($C12-$D12)/MAX(ABS($C12-$D12),1)=(DT12-DU12)/MAX(ABS(DT12-DU12),1),1,TRUE,0)} | DY12: {=_xlfn.IFS($D12="","",AND(DW12=$C12,DX12=$D12),3,($C12-$D12)/MAX(ABS($C12-$D12),1)=(DW12-DX12)/MAX(ABS(DW12-DX12),1),1,TRUE,0)} | EB12: {=_xlfn.IFS($D12="","",AND(DZ12=$C12,EA12=$D12),3,($C12-$D12)/MAX(ABS($C12-$D12),1)=(DZ12-EA12)/MAX(ABS(DZ12-EA12),1),1,TRUE,0)} | EE12: {=_xlfn.IFS($D12="","",AND(EC12=$C12,ED12=$D12),3,($C12-$D12)/MAX(ABS($C12-$D12),1)=(EC12-ED12)/MAX(ABS(EC12-ED12),1),1,TRUE,0)} | EH12: {=_xlfn.IFS($D12="","",AND(EF12=$C12,EG12=$D12),3,($C12-$D12)/MAX(ABS($C12-$D12),1)=(EF12-EG12)/MAX(ABS(EF12-EG12),1),1,TRUE,0)} | EK12: {=_xlfn.IFS($D12="","",AND(EI12=$C12,EJ12=$D12),3,($C12-$D12)/MAX(ABS($C12-$D12),1)=(EI12-EJ12)/MAX(ABS(EI12-EJ12),1),1,TRUE,0)} | EN12: {=_xlfn.IFS($D12="","",AND(EL12=$C12,EM12=$D12),3,($C12-$D12)/MAX(ABS($C12-$D12),1)=(EL12-EM12)/MAX(ABS(EL12-EM12),1),1,TRUE,0)} | EQ12: {=_xlfn.IFS($D12="","",AND(EO12=$C12,EP12=$D12),3,($C12-$D12)/MAX(ABS($C12-$D12),1)=(EO12-EP12)/MAX(ABS(EO12-EP12),1),1,TRUE,0)} | ET12: {=_xlfn.IFS($D12="","",AND(ER12=$C12,ES12=$D12),3,($C12-$D12)/MAX(ABS($C12-$D12),1)=(ER12-ES12)/MAX(ABS(ER12-ES12),1),1,TRUE,0)} | EW12: {=_xlfn.IFS($D12="","",AND(EU12=$C12,EV12=$D12),3,($C12-$D12)/MAX(ABS($C12-$D12),1)=(EU12-EV12)/MAX(ABS(EU12-EV12),1),1,TRUE,0)} | EZ12: {=_xlfn.IFS($D12="","",AND(EX12=$C12,EY12=$D12),3,($C12-$D12)/MAX(ABS($C12-$D12),1)=(EX12-EY12)/MAX(ABS(EX12-EY12),1),1,TRUE,0)} | FC12: {=_xlfn.IFS($D12="","",AND(FA12=$C12,FB12=$D12),3,($C12-$D12)/MAX(ABS($C12-$D12),1)=(FA12-FB12)/MAX(ABS(FA12-FB12),1),1,TRUE,0)} | FF12: {=_xlfn.IFS($D12="","",AND(FD12=$C12,FE12=$D12),3,($C12-$D12)/MAX(ABS($C12-$D12),1)=(FD12-FE12)/MAX(ABS(FD12-FE12),1),1,TRUE,0)} | FI12: {=_xlfn.IFS($D12="","",AND(FG12=$C12,FH12=$D12),3,($C12-$D12)/MAX(ABS($C12-$D12),1)=(FG12-FH12)/MAX(ABS(FG12-FH12),1),1,TRUE,0)} | FL12: {=_xlfn.IFS($D12="","",AND(FJ12=$C12,FK12=$D12),3,($C12-$D12)/MAX(ABS($C12-$D12),1)=(FJ12-FK12)/MAX(ABS(FJ12-FK12),1),1,TRUE,0)} | FO12: {=_xlfn.IFS($D12="","",AND(FM12=$C12,FN12=$D12),3,($C12-$D12)/MAX(ABS($C12-$D12),1)=(FM12-FN12)/MAX(ABS(FM12-FN12),1),1,TRUE,0)} | FR12: {=_xlfn.IFS($D12="","",AND(FP12=$C12,FQ12=$D12),3,($C12-$D12)/MAX(ABS($C12-$D12),1)=(FP12-FQ12)/MAX(ABS(FP12-FQ12),1),1,TRUE,0)} | FU12: {=_xlfn.IFS($D12="","",AND(FS12=$C12,FT12=$D12),3,($C12-$D12)/MAX(ABS($C12-$D12),1)=(FS12-FT12)/MAX(ABS(FS12-FT12),1),1,TRUE,0)} | FX12: {=_xlfn.IFS($D12="","",AND(FV12=$C12,FW12=$D12),3,($C12-$D12)/MAX(ABS($C12-$D12),1)=(FV12-FW12)/MAX(ABS(FV12-FW12),1),1,TRUE,0)} | GA12: {=_xlfn.IFS($D12="","",AND(FY12=$C12,FZ12=$D12),3,($C12-$D12)/MAX(ABS($C12-$D12),1)=(FY12-FZ12)/MAX(ABS(FY12-FZ12),1),1,TRUE,0)} | GD12: {=_xlfn.IFS($D12="","",AND(GB12=$C12,GC12=$D12),3,($C12-$D12)/MAX(ABS($C12-$D12),1)=(GB12-GC12)/MAX(ABS(GB12-GC12),1),1,TRUE,0)} | GG12: {=_xlfn.IFS($D12="","",AND(GE12=$C12,GF12=$D12),3,($C12-$D12)/MAX(ABS($C12-$D12),1)=(GE12-GF12)/MAX(ABS(GE12-GF12),1),1,TRUE,0)} | GJ12: {=_xlfn.IFS($D12="","",AND(GH12=$C12,GI12=$D12),3,($C12-$D12)/MAX(ABS($C12-$D12),1)=(GH12-GI12)/MAX(ABS(GH12-GI12),1),1,TRUE,0)} | GM12: {=_xlfn.IFS($D12="","",AND(GK12=$C12,GL12=$D12),3,($C12-$D12)/MAX(ABS($C12-$D12),1)=(GK12-GL12)/MAX(ABS(GK12-GL12),1),1,TRUE,0)} | GP12: {=_xlfn.IFS($D12="","",AND(GN12=$C12,GO12=$D12),3,($C12-$D12)/MAX(ABS($C12-$D12),1)=(GN12-GO12)/MAX(ABS(GN12-GO12),1),1,TRUE,0)} | GS12: {=_xlfn.IFS($D12="","",AND(GQ12=$C12,GR12=$D12),3,($C12-$D12)/MAX(ABS($C12-$D12),1)=(GQ12-GR12)/MAX(ABS(GQ12-GR12),1),1,TRUE,0)} | GV12: {=_xlfn.IFS($D12="","",AND(GT12=$C12,GU12=$D12),3,($C12-$D12)/MAX(ABS($C12-$D12),1)=(GT12-GU12)/MAX(ABS(GT12-GU12),1),1,TRUE,0)} | GY12: {=_xlfn.IFS($D12="","",AND(GW12=$C12,GX12=$D12),3,($C12-$D12)/MAX(ABS($C12-$D12),1)=(GW12-GX12)/MAX(ABS(GW12-GX12),1),1,TRUE,0)} | HB12: {=_xlfn.IFS($D12="","",AND(GZ12=$C12,HA12=$D12),3,($C12-$D12)/MAX(ABS($C12-$D12),1)=(GZ12-HA12)/MAX(ABS(GZ12-HA12),1),1,TRUE,0)} | HE12: {=_xlfn.IFS($D12="","",AND(HC12=$C12,HD12=$D12),3,($C12-$D12)/MAX(ABS($C12-$D12),1)=(HC12-HD12)/MAX(ABS(HC12-HD12),1),1,TRUE,0)} | HH12: {=_xlfn.IFS($D12="","",AND(HF12=$C12,HG12=$D12),3,($C12-$D12)/MAX(ABS($C12-$D12),1)=(HF12-HG12)/MAX(ABS(HF12-HG12),1),1,TRUE,0)} | HK12: {=_xlfn.IFS($D12="","",AND(HI12=$C12,HJ12=$D12),3,($C12-$D12)/MAX(ABS($C12-$D12),1)=(HI12-HJ12)/MAX(ABS(HI12-HJ12),1),1,TRUE,0)} | HN12: {=_xlfn.IFS($D12="","",AND(HL12=$C12,HM12=$D12),3,($C12-$D12)/MAX(ABS($C12-$D12),1)=(HL12-HM12)/MAX(ABS(HL12-HM12),1),1,TRUE,0)} | HQ12: {=_xlfn.IFS($D12="","",AND(HO12=$C12,HP12=$D12),3,($C12-$D12)/MAX(ABS($C12-$D12),1)=(HO12-HP12)/MAX(ABS(HO12-HP12),1),1,TRUE,0)} | HT12: {=_xlfn.IFS($D12="","",AND(HR12=$C12,HS12=$D12),3,($C12-$D12)/MAX(ABS($C12-$D12),1)=(HR12-HS12)/MAX(ABS(HR12-HS12),1),1,TRUE,0)} | HW12: {=_xlfn.IFS($D12="","",AND(HU12=$C12,HV12=$D12),3,($C12-$D12)/MAX(ABS($C12-$D12),1)=(HU12-HV12)/MAX(ABS(HU12-HV12),1),1,TRUE,0)} | HZ12: {=_xlfn.IFS($D12="","",AND(HX12=$C12,HY12=$D12),3,($C12-$D12)/MAX(ABS($C12-$D12),1)=(HX12-HY12)/MAX(ABS(HX12-HY12),1),1,TRUE,0)} | IC12: {=_xlfn.IFS($D12="","",AND(IA12=$C12,IB12=$D12),3,($C12-$D12)/MAX(ABS($C12-$D12),1)=(IA12-IB12)/MAX(ABS(IA12-IB12),1),1,TRUE,0)} | IF12: {=_xlfn.IFS($D12="","",AND(ID12=$C12,IE12=$D12),3,($C12-$D12)/MAX(ABS($C12-$D12),1)=(ID12-IE12)/MAX(ABS(ID12-IE12),1),1,TRUE,0)} | II12: {=_xlfn.IFS($D12="","",AND(IG12=$C12,IH12=$D12),3,($C12-$D12)/MAX(ABS($C12-$D12),1)=(IG12-IH12)/MAX(ABS(IG12-IH12),1),1,TRUE,0)} | IL12: {=_xlfn.IFS($D12="","",AND(IJ12=$C12,IK12=$D12),3,($C12-$D12)/MAX(ABS($C12-$D12),1)=(IJ12-IK12)/MAX(ABS(IJ12-IK12),1),1,TRUE,0)} | IO12: {=_xlfn.IFS($D12="","",AND(IM12=$C12,IN12=$D12),3,($C12-$D12)/MAX(ABS($C12-$D12),1)=(IM12-IN12)/MAX(ABS(IM12-IN12),1),1,TRUE,0)} | IR12: {=_xlfn.IFS($D12="","",AND(IP12=$C12,IQ12=$D12),3,($C12-$D12)/MAX(ABS($C12-$D12),1)=(IP12-IQ12)/MAX(ABS(IP12-IQ12),1),1,TRUE,0)} | IU12: {=_xlfn.IFS($D12="","",AND(IS12=$C12,IT12=$D12),3,($C12-$D12)/MAX(ABS($C12-$D12),1)=(IS12-IT12)/MAX(ABS(IS12-IT12),1),1,TRUE,0)} | IX12: {=_xlfn.IFS($D12="","",AND(IV12=$C12,IW12=$D12),3,($C12-$D12)/MAX(ABS($C12-$D12),1)=(IV12-IW12)/MAX(ABS(IV12-IW12),1),1,TRUE,0)} | JA12: {=_xlfn.IFS($D12="","",AND(IY12=$C12,IZ12=$D12),3,($C12-$D12)/MAX(ABS($C12-$D12),1)=(IY12-IZ12)/MAX(ABS(IY12-IZ12),1),1,TRUE,0)} | JD12: {=_xlfn.IFS($D12="","",AND(JB12=$C12,JC12=$D12),3,($C12-$D12)/MAX(ABS($C12-$D12),1)=(JB12-JC12)/MAX(ABS(JB12-JC12),1),1,TRUE,0)}
A13: 46188 | B13: Ivory Coast | C13: {=_xlfn.LET( _xlpm.x,_xlfn.XLOOKUP(1,(Scores_Fixtures[Date]=A13)*(Scores_Fixtures[Home.1]=B13),Scores_Fixtures[Score.1],""), IF(_xlpm.x="","",_xlpm.x) )} | D13: {=_xlfn.LET( _xlpm.x,_xlfn.XLOOKUP(1,(Scores_Fixtures[Date]=A13)*(Scores_Fixtures[Home.1]=B13),Scores_Fixtures[Score.2],""), IF(_xlpm.x="","",_xlpm.x) )} | E13: Ecuador | I13: {=_xlfn.IFS($D13="","",AND(G13=$C13,H13=$D13),3,($C13-$D13)/MAX(ABS($C13-$D13),1)=(G13-H13)/MAX(ABS(G13-H13),1),1,TRUE,0)} | L13: {=_xlfn.IFS($D13="","",AND(J13=$C13,K13=$D13),3,($C13-$D13)/MAX(ABS($C13-$D13),1)=(J13-K13)/MAX(ABS(J13-K13),1),1,TRUE,0)} | O13: {=_xlfn.IFS($D13="","",AND(M13=$C13,N13=$D13),3,($C13-$D13)/MAX(ABS($C13-$D13),1)=(M13-N13)/MAX(ABS(M13-N13),1),1,TRUE,0)} | R13: {=_xlfn.IFS($D13="","",AND(P13=$C13,Q13=$D13),3,($C13-$D13)/MAX(ABS($C13-$D13),1)=(P13-Q13)/MAX(ABS(P13-Q13),1),1,TRUE,0)} | U13: {=_xlfn.IFS($D13="","",AND(S13=$C13,T13=$D13),3,($C13-$D13)/MAX(ABS($C13-$D13),1)=(S13-T13)/MAX(ABS(S13-T13),1),1,TRUE,0)} | X13: {=_xlfn.IFS($D13="","",AND(V13=$C13,W13=$D13),3,($C13-$D13)/MAX(ABS($C13-$D13),1)=(V13-W13)/MAX(ABS(V13-W13),1),1,TRUE,0)} | AA13: {=_xlfn.IFS($D13="","",AND(Y13=$C13,Z13=$D13),3,($C13-$D13)/MAX(ABS($C13-$D13),1)=(Y13-Z13)/MAX(ABS(Y13-Z13),1),1,TRUE,0)} | AD13: {=_xlfn.IFS($D13="","",AND(AB13=$C13,AC13=$D13),3,($C13-$D13)/MAX(ABS($C13-$D13),1)=(AB13-AC13)/MAX(ABS(AB13-AC13),1),1,TRUE,0)} | AG13: {=_xlfn.IFS($D13="","",AND(AE13=$C13,AF13=$D13),3,($C13-$D13)/MAX(ABS($C13-$D13),1)=(AE13-AF13)/MAX(ABS(AE13-AF13),1),1,TRUE,0)} | AJ13: {=_xlfn.IFS($D13="","",AND(AH13=$C13,AI13=$D13),3,($C13-$D13)/MAX(ABS($C13-$D13),1)=(AH13-AI13)/MAX(ABS(AH13-AI13),1),1,TRUE,0)} | AM13: {=_xlfn.IFS($D13="","",AND(AK13=$C13,AL13=$D13),3,($C13-$D13)/MAX(ABS($C13-$D13),1)=(AK13-AL13)/MAX(ABS(AK13-AL13),1),1,TRUE,0)} | AP13: {=_xlfn.IFS($D13="","",AND(AN13=$C13,AO13=$D13),3,($C13-$D13)/MAX(ABS($C13-$D13),1)=(AN13-AO13)/MAX(ABS(AN13-AO13),1),1,TRUE,0)} | AS13: {=_xlfn.IFS($D13="","",AND(AQ13=$C13,AR13=$D13),3,($C13-$D13)/MAX(ABS($C13-$D13),1)=(AQ13-AR13)/MAX(ABS(AQ13-AR13),1),1,TRUE,0)} | AV13: {=_xlfn.IFS($D13="","",AND(AT13=$C13,AU13=$D13),3,($C13-$D13)/MAX(ABS($C13-$D13),1)=(AT13-AU13)/MAX(ABS(AT13-AU13),1),1,TRUE,0)} | AY13: {=_xlfn.IFS($D13="","",AND(AW13=$C13,AX13=$D13),3,($C13-$D13)/MAX(ABS($C13-$D13),1)=(AW13-AX13)/MAX(ABS(AW13-AX13),1),1,TRUE,0)} | BB13: {=_xlfn.IFS($D13="","",AND(AZ13=$C13,BA13=$D13),3,($C13-$D13)/MAX(ABS($C13-$D13),1)=(AZ13-BA13)/MAX(ABS(AZ13-BA13),1),1,TRUE,0)} | BE13: {=_xlfn.IFS($D13="","",AND(BC13=$C13,BD13=$D13),3,($C13-$D13)/MAX(ABS($C13-$D13),1)=(BC13-BD13)/MAX(ABS(BC13-BD13),1),1,TRUE,0)} | BH13: {=_xlfn.IFS($D13="","",AND(BF13=$C13,BG13=$D13),3,($C13-$D13)/MAX(ABS($C13-$D13),1)=(BF13-BG13)/MAX(ABS(BF13-BG13),1),1,TRUE,0)} | BK13: {=_xlfn.IFS($D13="","",AND(BI13=$C13,BJ13=$D13),3,($C13-$D13)/MAX(ABS($C13-$D13),1)=(BI13-BJ13)/MAX(ABS(BI13-BJ13),1),1,TRUE,0)} | BN13: {=_xlfn.IFS($D13="","",AND(BL13=$C13,BM13=$D13),3,($C13-$D13)/MAX(ABS($C13-$D13),1)=(BL13-BM13)/MAX(ABS(BL13-BM13),1),1,TRUE,0)} | BQ13: {=_xlfn.IFS($D13="","",AND(BO13=$C13,BP13=$D13),3,($C13-$D13)/MAX(ABS($C13-$D13),1)=(BO13-BP13)/MAX(ABS(BO13-BP13),1),1,TRUE,0)} | BT13: {=_xlfn.IFS($D13="","",AND(BR13=$C13,BS13=$D13),3,($C13-$D13)/MAX(ABS($C13-$D13),1)=(BR13-BS13)/MAX(ABS(BR13-BS13),1),1,TRUE,0)} | BW13: {=_xlfn.IFS($D13="","",AND(BU13=$C13,BV13=$D13),3,($C13-$D13)/MAX(ABS($C13-$D13),1)=(BU13-BV13)/MAX(ABS(BU13-BV13),1),1,TRUE,0)} | BZ13: {=_xlfn.IFS($D13="","",AND(BX13=$C13,BY13=$D13),3,($C13-$D13)/MAX(ABS($C13-$D13),1)=(BX13-BY13)/MAX(ABS(BX13-BY13),1),1,TRUE,0)} | CC13: {=_xlfn.IFS($D13="","",AND(CA13=$C13,CB13=$D13),3,($C13-$D13)/MAX(ABS($C13-$D13),1)=(CA13-CB13)/MAX(ABS(CA13-CB13),1),1,TRUE,0)} | CF13: {=_xlfn.IFS($D13="","",AND(CD13=$C13,CE13=$D13),3,($C13-$D13)/MAX(ABS($C13-$D13),1)=(CD13-CE13)/MAX(ABS(CD13-CE13),1),1,TRUE,0)} | CI13: {=_xlfn.IFS($D13="","",AND(CG13=$C13,CH13=$D13),3,($C13-$D13)/MAX(ABS($C13-$D13),1)=(CG13-CH13)/MAX(ABS(CG13-CH13),1),1,TRUE,0)} | CL13: {=_xlfn.IFS($D13="","",AND(CJ13=$C13,CK13=$D13),3,($C13-$D13)/MAX(ABS($C13-$D13),1)=(CJ13-CK13)/MAX(ABS(CJ13-CK13),1),1,TRUE,0)} | CO13: {=_xlfn.IFS($D13="","",AND(CM13=$C13,CN13=$D13),3,($C13-$D13)/MAX(ABS($C13-$D13),1)=(CM13-CN13)/MAX(ABS(CM13-CN13),1),1,TRUE,0)} | CR13: {=_xlfn.IFS($D13="","",AND(CP13=$C13,CQ13=$D13),3,($C13-$D13)/MAX(ABS($C13-$D13),1)=(CP13-CQ13)/MAX(ABS(CP13-CQ13),1),1,TRUE,0)} | CU13: {=_xlfn.IFS($D13="","",AND(CS13=$C13,CT13=$D13),3,($C13-$D13)/MAX(ABS($C13-$D13),1)=(CS13-CT13)/MAX(ABS(CS13-CT13),1),1,TRUE,0)} | CX13: {=_xlfn.IFS($D13="","",AND(CV13=$C13,CW13=$D13),3,($C13-$D13)/MAX(ABS($C13-$D13),1)=(CV13-CW13)/MAX(ABS(CV13-CW13),1),1,TRUE,0)} | DA13: {=_xlfn.IFS($D13="","",AND(CY13=$C13,CZ13=$D13),3,($C13-$D13)/MAX(ABS($C13-$D13),1)=(CY13-CZ13)/MAX(ABS(CY13-CZ13),1),1,TRUE,0)} | DD13: {=_xlfn.IFS($D13="","",AND(DB13=$C13,DC13=$D13),3,($C13-$D13)/MAX(ABS($C13-$D13),1)=(DB13-DC13)/MAX(ABS(DB13-DC13),1),1,TRUE,0)} | DG13: {=_xlfn.IFS($D13="","",AND(DE13=$C13,DF13=$D13),3,($C13-$D13)/MAX(ABS($C13-$D13),1)=(DE13-DF13)/MAX(ABS(DE13-DF13),1),1,TRUE,0)} | DJ13: {=_xlfn.IFS($D13="","",AND(DH13=$C13,DI13=$D13),3,($C13-$D13)/MAX(ABS($C13-$D13),1)=(DH13-DI13)/MAX(ABS(DH13-DI13),1),1,TRUE,0)} | DM13: {=_xlfn.IFS($D13="","",AND(DK13=$C13,DL13=$D13),3,($C13-$D13)/MAX(ABS($C13-$D13),1)=(DK13-DL13)/MAX(ABS(DK13-DL13),1),1,TRUE,0)} | DP13: {=_xlfn.IFS($D13="","",AND(DN13=$C13,DO13=$D13),3,($C13-$D13)/MAX(ABS($C13-$D13),1)=(DN13-DO13)/MAX(ABS(DN13-DO13),1),1,TRUE,0)} | DS13: {=_xlfn.IFS($D13="","",AND(DQ13=$C13,DR13=$D13),3,($C13-$D13)/MAX(ABS($C13-$D13),1)=(DQ13-DR13)/MAX(ABS(DQ13-DR13),1),1,TRUE,0)} | DV13: {=_xlfn.IFS($D13="","",AND(DT13=$C13,DU13=$D13),3,($C13-$D13)/MAX(ABS($C13-$D13),1)=(DT13-DU13)/MAX(ABS(DT13-DU13),1),1,TRUE,0)} | DY13: {=_xlfn.IFS($D13="","",AND(DW13=$C13,DX13=$D13),3,($C13-$D13)/MAX(ABS($C13-$D13),1)=(DW13-DX13)/MAX(ABS(DW13-DX13),1),1,TRUE,0)} | EB13: {=_xlfn.IFS($D13="","",AND(DZ13=$C13,EA13=$D13),3,($C13-$D13)/MAX(ABS($C13-$D13),1)=(DZ13-EA13)/MAX(ABS(DZ13-EA13),1),1,TRUE,0)} | EE13: {=_xlfn.IFS($D13="","",AND(EC13=$C13,ED13=$D13),3,($C13-$D13)/MAX(ABS($C13-$D13),1)=(EC13-ED13)/MAX(ABS(EC13-ED13),1),1,TRUE,0)} | EH13: {=_xlfn.IFS($D13="","",AND(EF13=$C13,EG13=$D13),3,($C13-$D13)/MAX(ABS($C13-$D13),1)=(EF13-EG13)/MAX(ABS(EF13-EG13),1),1,TRUE,0)} | EK13: {=_xlfn.IFS($D13="","",AND(EI13=$C13,EJ13=$D13),3,($C13-$D13)/MAX(ABS($C13-$D13),1)=(EI13-EJ13)/MAX(ABS(EI13-EJ13),1),1,TRUE,0)} | EN13: {=_xlfn.IFS($D13="","",AND(EL13=$C13,EM13=$D13),3,($C13-$D13)/MAX(ABS($C13-$D13),1)=(EL13-EM13)/MAX(ABS(EL13-EM13),1),1,TRUE,0)} | EQ13: {=_xlfn.IFS($D13="","",AND(EO13=$C13,EP13=$D13),3,($C13-$D13)/MAX(ABS($C13-$D13),1)=(EO13-EP13)/MAX(ABS(EO13-EP13),1),1,TRUE,0)} | ET13: {=_xlfn.IFS($D13="","",AND(ER13=$C13,ES13=$D13),3,($C13-$D13)/MAX(ABS($C13-$D13),1)=(ER13-ES13)/MAX(ABS(ER13-ES13),1),1,TRUE,0)} | EW13: {=_xlfn.IFS($D13="","",AND(EU13=$C13,EV13=$D13),3,($C13-$D13)/MAX(ABS($C13-$D13),1)=(EU13-EV13)/MAX(ABS(EU13-EV13),1),1,TRUE,0)} | EZ13: {=_xlfn.IFS($D13="","",AND(EX13=$C13,EY13=$D13),3,($C13-$D13)/MAX(ABS($C13-$D13),1)=(EX13-EY13)/MAX(ABS(EX13-EY13),1),1,TRUE,0)} | FC13: {=_xlfn.IFS($D13="","",AND(FA13=$C13,FB13=$D13),3,($C13-$D13)/MAX(ABS($C13-$D13),1)=(FA13-FB13)/MAX(ABS(FA13-FB13),1),1,TRUE,0)} | FF13: {=_xlfn.IFS($D13="","",AND(FD13=$C13,FE13=$D13),3,($C13-$D13)/MAX(ABS($C13-$D13),1)=(FD13-FE13)/MAX(ABS(FD13-FE13),1),1,TRUE,0)} | FI13: {=_xlfn.IFS($D13="","",AND(FG13=$C13,FH13=$D13),3,($C13-$D13)/MAX(ABS($C13-$D13),1)=(FG13-FH13)/MAX(ABS(FG13-FH13),1),1,TRUE,0)} | FL13: {=_xlfn.IFS($D13="","",AND(FJ13=$C13,FK13=$D13),3,($C13-$D13)/MAX(ABS($C13-$D13),1)=(FJ13-FK13)/MAX(ABS(FJ13-FK13),1),1,TRUE,0)} | FO13: {=_xlfn.IFS($D13="","",AND(FM13=$C13,FN13=$D13),3,($C13-$D13)/MAX(ABS($C13-$D13),1)=(FM13-FN13)/MAX(ABS(FM13-FN13),1),1,TRUE,0)} | FR13: {=_xlfn.IFS($D13="","",AND(FP13=$C13,FQ13=$D13),3,($C13-$D13)/MAX(ABS($C13-$D13),1)=(FP13-FQ13)/MAX(ABS(FP13-FQ13),1),1,TRUE,0)} | FU13: {=_xlfn.IFS($D13="","",AND(FS13=$C13,FT13=$D13),3,($C13-$D13)/MAX(ABS($C13-$D13),1)=(FS13-FT13)/MAX(ABS(FS13-FT13),1),1,TRUE,0)} | FX13: {=_xlfn.IFS($D13="","",AND(FV13=$C13,FW13=$D13),3,($C13-$D13)/MAX(ABS($C13-$D13),1)=(FV13-FW13)/MAX(ABS(FV13-FW13),1),1,TRUE,0)} | GA13: {=_xlfn.IFS($D13="","",AND(FY13=$C13,FZ13=$D13),3,($C13-$D13)/MAX(ABS($C13-$D13),1)=(FY13-FZ13)/MAX(ABS(FY13-FZ13),1),1,TRUE,0)} | GD13: {=_xlfn.IFS($D13="","",AND(GB13=$C13,GC13=$D13),3,($C13-$D13)/MAX(ABS($C13-$D13),1)=(GB13-GC13)/MAX(ABS(GB13-GC13),1),1,TRUE,0)} | GG13: {=_xlfn.IFS($D13="","",AND(GE13=$C13,GF13=$D13),3,($C13-$D13)/MAX(ABS($C13-$D13),1)=(GE13-GF13)/MAX(ABS(GE13-GF13),1),1,TRUE,0)} | GJ13: {=_xlfn.IFS($D13="","",AND(GH13=$C13,GI13=$D13),3,($C13-$D13)/MAX(ABS($C13-$D13),1)=(GH13-GI13)/MAX(ABS(GH13-GI13),1),1,TRUE,0)} | GM13: {=_xlfn.IFS($D13="","",AND(GK13=$C13,GL13=$D13),3,($C13-$D13)/MAX(ABS($C13-$D13),1)=(GK13-GL13)/MAX(ABS(GK13-GL13),1),1,TRUE,0)} | GP13: {=_xlfn.IFS($D13="","",AND(GN13=$C13,GO13=$D13),3,($C13-$D13)/MAX(ABS($C13-$D13),1)=(GN13-GO13)/MAX(ABS(GN13-GO13),1),1,TRUE,0)} | GS13: {=_xlfn.IFS($D13="","",AND(GQ13=$C13,GR13=$D13),3,($C13-$D13)/MAX(ABS($C13-$D13),1)=(GQ13-GR13)/MAX(ABS(GQ13-GR13),1),1,TRUE,0)} | GV13: {=_xlfn.IFS($D13="","",AND(GT13=$C13,GU13=$D13),3,($C13-$D13)/MAX(ABS($C13-$D13),1)=(GT13-GU13)/MAX(ABS(GT13-GU13),1),1,TRUE,0)} | GY13: {=_xlfn.IFS($D13="","",AND(GW13=$C13,GX13=$D13),3,($C13-$D13)/MAX(ABS($C13-$D13),1)=(GW13-GX13)/MAX(ABS(GW13-GX13),1),1,TRUE,0)} | HB13: {=_xlfn.IFS($D13="","",AND(GZ13=$C13,HA13=$D13),3,($C13-$D13)/MAX(ABS($C13-$D13),1)=(GZ13-HA13)/MAX(ABS(GZ13-HA13),1),1,TRUE,0)} | HE13: {=_xlfn.IFS($D13="","",AND(HC13=$C13,HD13=$D13),3,($C13-$D13)/MAX(ABS($C13-$D13),1)=(HC13-HD13)/MAX(ABS(HC13-HD13),1),1,TRUE,0)} | HH13: {=_xlfn.IFS($D13="","",AND(HF13=$C13,HG13=$D13),3,($C13-$D13)/MAX(ABS($C13-$D13),1)=(HF13-HG13)/MAX(ABS(HF13-HG13),1),1,TRUE,0)} | HK13: {=_xlfn.IFS($D13="","",AND(HI13=$C13,HJ13=$D13),3,($C13-$D13)/MAX(ABS($C13-$D13),1)=(HI13-HJ13)/MAX(ABS(HI13-HJ13),1),1,TRUE,0)} | HN13: {=_xlfn.IFS($D13="","",AND(HL13=$C13,HM13=$D13),3,($C13-$D13)/MAX(ABS($C13-$D13),1)=(HL13-HM13)/MAX(ABS(HL13-HM13),1),1,TRUE,0)} | HQ13: {=_xlfn.IFS($D13="","",AND(HO13=$C13,HP13=$D13),3,($C13-$D13)/MAX(ABS($C13-$D13),1)=(HO13-HP13)/MAX(ABS(HO13-HP13),1),1,TRUE,0)} | HT13: {=_xlfn.IFS($D13="","",AND(HR13=$C13,HS13=$D13),3,($C13-$D13)/MAX(ABS($C13-$D13),1)=(HR13-HS13)/MAX(ABS(HR13-HS13),1),1,TRUE,0)} | HW13: {=_xlfn.IFS($D13="","",AND(HU13=$C13,HV13=$D13),3,($C13-$D13)/MAX(ABS($C13-$D13),1)=(HU13-HV13)/MAX(ABS(HU13-HV13),1),1,TRUE,0)} | HZ13: {=_xlfn.IFS($D13="","",AND(HX13=$C13,HY13=$D13),3,($C13-$D13)/MAX(ABS($C13-$D13),1)=(HX13-HY13)/MAX(ABS(HX13-HY13),1),1,TRUE,0)} | IC13: {=_xlfn.IFS($D13="","",AND(IA13=$C13,IB13=$D13),3,($C13-$D13)/MAX(ABS($C13-$D13),1)=(IA13-IB13)/MAX(ABS(IA13-IB13),1),1,TRUE,0)} | IF13: {=_xlfn.IFS($D13="","",AND(ID13=$C13,IE13=$D13),3,($C13-$D13)/MAX(ABS($C13-$D13),1)=(ID13-IE13)/MAX(ABS(ID13-IE13),1),1,TRUE,0)} | II13: {=_xlfn.IFS($D13="","",AND(IG13=$C13,IH13=$D13),3,($C13-$D13)/MAX(ABS($C13-$D13),1)=(IG13-IH13)/MAX(ABS(IG13-IH13),1),1,TRUE,0)} | IL13: {=_xlfn.IFS($D13="","",AND(IJ13=$C13,IK13=$D13),3,($C13-$D13)/MAX(ABS($C13-$D13),1)=(IJ13-IK13)/MAX(ABS(IJ13-IK13),1),1,TRUE,0)} | IO13: {=_xlfn.IFS($D13="","",AND(IM13=$C13,IN13=$D13),3,($C13-$D13)/MAX(ABS($C13-$D13),1)=(IM13-IN13)/MAX(ABS(IM13-IN13),1),1,TRUE,0)} | IR13: {=_xlfn.IFS($D13="","",AND(IP13=$C13,IQ13=$D13),3,($C13-$D13)/MAX(ABS($C13-$D13),1)=(IP13-IQ13)/MAX(ABS(IP13-IQ13),1),1,TRUE,0)} | IU13: {=_xlfn.IFS($D13="","",AND(IS13=$C13,IT13=$D13),3,($C13-$D13)/MAX(ABS($C13-$D13),1)=(IS13-IT13)/MAX(ABS(IS13-IT13),1),1,TRUE,0)} | IX13: {=_xlfn.IFS($D13="","",AND(IV13=$C13,IW13=$D13),3,($C13-$D13)/MAX(ABS($C13-$D13),1)=(IV13-IW13)/MAX(ABS(IV13-IW13),1),1,TRUE,0)} | JA13: {=_xlfn.IFS($D13="","",AND(IY13=$C13,IZ13=$D13),3,($C13-$D13)/MAX(ABS($C13-$D13),1)=(IY13-IZ13)/MAX(ABS(IY13-IZ13),1),1,TRUE,0)} | JD13: {=_xlfn.IFS($D13="","",AND(JB13=$C13,JC13=$D13),3,($C13-$D13)/MAX(ABS($C13-$D13),1)=(JB13-JC13)/MAX(ABS(JB13-JC13),1),1,TRUE,0)}
A14: 46188 | B14: Sweden | C14: {=_xlfn.LET( _xlpm.x,_xlfn.XLOOKUP(1,(Scores_Fixtures[Date]=A14)*(Scores_Fixtures[Home.1]=B14),Scores_Fixtures[Score.1],""), IF(_xlpm.x="","",_xlpm.x) )} | D14: {=_xlfn.LET( _xlpm.x,_xlfn.XLOOKUP(1,(Scores_Fixtures[Date]=A14)*(Scores_Fixtures[Home.1]=B14),Scores_Fixtures[Score.2],""), IF(_xlpm.x="","",_xlpm.x) )} | E14: Tunisia | I14: {=_xlfn.IFS($D14="","",AND(G14=$C14,H14=$D14),3,($C14-$D14)/MAX(ABS($C14-$D14),1)=(G14-H14)/MAX(ABS(G14-H14),1),1,TRUE,0)} | L14: {=_xlfn.IFS($D14="","",AND(J14=$C14,K14=$D14),3,($C14-$D14)/MAX(ABS($C14-$D14),1)=(J14-K14)/MAX(ABS(J14-K14),1),1,TRUE,0)} | O14: {=_xlfn.IFS($D14="","",AND(M14=$C14,N14=$D14),3,($C14-$D14)/MAX(ABS($C14-$D14),1)=(M14-N14)/MAX(ABS(M14-N14),1),1,TRUE,0)} | R14: {=_xlfn.IFS($D14="","",AND(P14=$C14,Q14=$D14),3,($C14-$D14)/MAX(ABS($C14-$D14),1)=(P14-Q14)/MAX(ABS(P14-Q14),1),1,TRUE,0)} | U14: {=_xlfn.IFS($D14="","",AND(S14=$C14,T14=$D14),3,($C14-$D14)/MAX(ABS($C14-$D14),1)=(S14-T14)/MAX(ABS(S14-T14),1),1,TRUE,0)} | X14: {=_xlfn.IFS($D14="","",AND(V14=$C14,W14=$D14),3,($C14-$D14)/MAX(ABS($C14-$D14),1)=(V14-W14)/MAX(ABS(V14-W14),1),1,TRUE,0)} | AA14: {=_xlfn.IFS($D14="","",AND(Y14=$C14,Z14=$D14),3,($C14-$D14)/MAX(ABS($C14-$D14),1)=(Y14-Z14)/MAX(ABS(Y14-Z14),1),1,TRUE,0)} | AD14: {=_xlfn.IFS($D14="","",AND(AB14=$C14,AC14=$D14),3,($C14-$D14)/MAX(ABS($C14-$D14),1)=(AB14-AC14)/MAX(ABS(AB14-AC14),1),1,TRUE,0)} | AG14: {=_xlfn.IFS($D14="","",AND(AE14=$C14,AF14=$D14),3,($C14-$D14)/MAX(ABS($C14-$D14),1)=(AE14-AF14)/MAX(ABS(AE14-AF14),1),1,TRUE,0)} | AJ14: {=_xlfn.IFS($D14="","",AND(AH14=$C14,AI14=$D14),3,($C14-$D14)/MAX(ABS($C14-$D14),1)=(AH14-AI14)/MAX(ABS(AH14-AI14),1),1,TRUE,0)} | AM14: {=_xlfn.IFS($D14="","",AND(AK14=$C14,AL14=$D14),3,($C14-$D14)/MAX(ABS($C14-$D14),1)=(AK14-AL14)/MAX(ABS(AK14-AL14),1),1,TRUE,0)} | AP14: {=_xlfn.IFS($D14="","",AND(AN14=$C14,AO14=$D14),3,($C14-$D14)/MAX(ABS($C14-$D14),1)=(AN14-AO14)/MAX(ABS(AN14-AO14),1),1,TRUE,0)} | AS14: {=_xlfn.IFS($D14="","",AND(AQ14=$C14,AR14=$D14),3,($C14-$D14)/MAX(ABS($C14-$D14),1)=(AQ14-AR14)/MAX(ABS(AQ14-AR14),1),1,TRUE,0)} | AV14: {=_xlfn.IFS($D14="","",AND(AT14=$C14,AU14=$D14),3,($C14-$D14)/MAX(ABS($C14-$D14),1)=(AT14-AU14)/MAX(ABS(AT14-AU14),1),1,TRUE,0)} | AY14: {=_xlfn.IFS($D14="","",AND(AW14=$C14,AX14=$D14),3,($C14-$D14)/MAX(ABS($C14-$D14),1)=(AW14-AX14)/MAX(ABS(AW14-AX14),1),1,TRUE,0)} | BB14: {=_xlfn.IFS($D14="","",AND(AZ14=$C14,BA14=$D14),3,($C14-$D14)/MAX(ABS($C14-$D14),1)=(AZ14-BA14)/MAX(ABS(AZ14-BA14),1),1,TRUE,0)} | BE14: {=_xlfn.IFS($D14="","",AND(BC14=$C14,BD14=$D14),3,($C14-$D14)/MAX(ABS($C14-$D14),1)=(BC14-BD14)/MAX(ABS(BC14-BD14),1),1,TRUE,0)} | BH14: {=_xlfn.IFS($D14="","",AND(BF14=$C14,BG14=$D14),3,($C14-$D14)/MAX(ABS($C14-$D14),1)=(BF14-BG14)/MAX(ABS(BF14-BG14),1),1,TRUE,0)} | BK14: {=_xlfn.IFS($D14="","",AND(BI14=$C14,BJ14=$D14),3,($C14-$D14)/MAX(ABS($C14-$D14),1)=(BI14-BJ14)/MAX(ABS(BI14-BJ14),1),1,TRUE,0)} | BN14: {=_xlfn.IFS($D14="","",AND(BL14=$C14,BM14=$D14),3,($C14-$D14)/MAX(ABS($C14-$D14),1)=(BL14-BM14)/MAX(ABS(BL14-BM14),1),1,TRUE,0)} | BQ14: {=_xlfn.IFS($D14="","",AND(BO14=$C14,BP14=$D14),3,($C14-$D14)/MAX(ABS($C14-$D14),1)=(BO14-BP14)/MAX(ABS(BO14-BP14),1),1,TRUE,0)} | BT14: {=_xlfn.IFS($D14="","",AND(BR14=$C14,BS14=$D14),3,($C14-$D14)/MAX(ABS($C14-$D14),1)=(BR14-BS14)/MAX(ABS(BR14-BS14),1),1,TRUE,0)} | BW14: {=_xlfn.IFS($D14="","",AND(BU14=$C14,BV14=$D14),3,($C14-$D14)/MAX(ABS($C14-$D14),1)=(BU14-BV14)/MAX(ABS(BU14-BV14),1),1,TRUE,0)} | BZ14: {=_xlfn.IFS($D14="","",AND(BX14=$C14,BY14=$D14),3,($C14-$D14)/MAX(ABS($C14-$D14),1)=(BX14-BY14)/MAX(ABS(BX14-BY14),1),1,TRUE,0)} | CC14: {=_xlfn.IFS($D14="","",AND(CA14=$C14,CB14=$D14),3,($C14-$D14)/MAX(ABS($C14-$D14),1)=(CA14-CB14)/MAX(ABS(CA14-CB14),1),1,TRUE,0)} | CF14: {=_xlfn.IFS($D14="","",AND(CD14=$C14,CE14=$D14),3,($C14-$D14)/MAX(ABS($C14-$D14),1)=(CD14-CE14)/MAX(ABS(CD14-CE14),1),1,TRUE,0)} | CI14: {=_xlfn.IFS($D14="","",AND(CG14=$C14,CH14=$D14),3,($C14-$D14)/MAX(ABS($C14-$D14),1)=(CG14-CH14)/MAX(ABS(CG14-CH14),1),1,TRUE,0)} | CL14: {=_xlfn.IFS($D14="","",AND(CJ14=$C14,CK14=$D14),3,($C14-$D14)/MAX(ABS($C14-$D14),1)=(CJ14-CK14)/MAX(ABS(CJ14-CK14),1),1,TRUE,0)} | CO14: {=_xlfn.IFS($D14="","",AND(CM14=$C14,CN14=$D14),3,($C14-$D14)/MAX(ABS($C14-$D14),1)=(CM14-CN14)/MAX(ABS(CM14-CN14),1),1,TRUE,0)} | CR14: {=_xlfn.IFS($D14="","",AND(CP14=$C14,CQ14=$D14),3,($C14-$D14)/MAX(ABS($C14-$D14),1)=(CP14-CQ14)/MAX(ABS(CP14-CQ14),1),1,TRUE,0)} | CU14: {=_xlfn.IFS($D14="","",AND(CS14=$C14,CT14=$D14),3,($C14-$D14)/MAX(ABS($C14-$D14),1)=(CS14-CT14)/MAX(ABS(CS14-CT14),1),1,TRUE,0)} | CX14: {=_xlfn.IFS($D14="","",AND(CV14=$C14,CW14=$D14),3,($C14-$D14)/MAX(ABS($C14-$D14),1)=(CV14-CW14)/MAX(ABS(CV14-CW14),1),1,TRUE,0)} | DA14: {=_xlfn.IFS($D14="","",AND(CY14=$C14,CZ14=$D14),3,($C14-$D14)/MAX(ABS($C14-$D14),1)=(CY14-CZ14)/MAX(ABS(CY14-CZ14),1),1,TRUE,0)} | DD14: {=_xlfn.IFS($D14="","",AND(DB14=$C14,DC14=$D14),3,($C14-$D14)/MAX(ABS($C14-$D14),1)=(DB14-DC14)/MAX(ABS(DB14-DC14),1),1,TRUE,0)} | DG14: {=_xlfn.IFS($D14="","",AND(DE14=$C14,DF14=$D14),3,($C14-$D14)/MAX(ABS($C14-$D14),1)=(DE14-DF14)/MAX(ABS(DE14-DF14),1),1,TRUE,0)} | DJ14: {=_xlfn.IFS($D14="","",AND(DH14=$C14,DI14=$D14),3,($C14-$D14)/MAX(ABS($C14-$D14),1)=(DH14-DI14)/MAX(ABS(DH14-DI14),1),1,TRUE,0)} | DM14: {=_xlfn.IFS($D14="","",AND(DK14=$C14,DL14=$D14),3,($C14-$D14)/MAX(ABS($C14-$D14),1)=(DK14-DL14)/MAX(ABS(DK14-DL14),1),1,TRUE,0)} | DP14: {=_xlfn.IFS($D14="","",AND(DN14=$C14,DO14=$D14),3,($C14-$D14)/MAX(ABS($C14-$D14),1)=(DN14-DO14)/MAX(ABS(DN14-DO14),1),1,TRUE,0)} | DS14: {=_xlfn.IFS($D14="","",AND(DQ14=$C14,DR14=$D14),3,($C14-$D14)/MAX(ABS($C14-$D14),1)=(DQ14-DR14)/MAX(ABS(DQ14-DR14),1),1,TRUE,0)} | DV14: {=_xlfn.IFS($D14="","",AND(DT14=$C14,DU14=$D14),3,($C14-$D14)/MAX(ABS($C14-$D14),1)=(DT14-DU14)/MAX(ABS(DT14-DU14),1),1,TRUE,0)} | DY14: {=_xlfn.IFS($D14="","",AND(DW14=$C14,DX14=$D14),3,($C14-$D14)/MAX(ABS($C14-$D14),1)=(DW14-DX14)/MAX(ABS(DW14-DX14),1),1,TRUE,0)} | EB14: {=_xlfn.IFS($D14="","",AND(DZ14=$C14,EA14=$D14),3,($C14-$D14)/MAX(ABS($C14-$D14),1)=(DZ14-EA14)/MAX(ABS(DZ14-EA14),1),1,TRUE,0)} | EE14: {=_xlfn.IFS($D14="","",AND(EC14=$C14,ED14=$D14),3,($C14-$D14)/MAX(ABS($C14-$D14),1)=(EC14-ED14)/MAX(ABS(EC14-ED14),1),1,TRUE,0)} | EH14: {=_xlfn.IFS($D14="","",AND(EF14=$C14,EG14=$D14),3,($C14-$D14)/MAX(ABS($C14-$D14),1)=(EF14-EG14)/MAX(ABS(EF14-EG14),1),1,TRUE,0)} | EK14: {=_xlfn.IFS($D14="","",AND(EI14=$C14,EJ14=$D14),3,($C14-$D14)/MAX(ABS($C14-$D14),1)=(EI14-EJ14)/MAX(ABS(EI14-EJ14),1),1,TRUE,0)} | EN14: {=_xlfn.IFS($D14="","",AND(EL14=$C14,EM14=$D14),3,($C14-$D14)/MAX(ABS($C14-$D14),1)=(EL14-EM14)/MAX(ABS(EL14-EM14),1),1,TRUE,0)} | EQ14: {=_xlfn.IFS($D14="","",AND(EO14=$C14,EP14=$D14),3,($C14-$D14)/MAX(ABS($C14-$D14),1)=(EO14-EP14)/MAX(ABS(EO14-EP14),1),1,TRUE,0)} | ET14: {=_xlfn.IFS($D14="","",AND(ER14=$C14,ES14=$D14),3,($C14-$D14)/MAX(ABS($C14-$D14),1)=(ER14-ES14)/MAX(ABS(ER14-ES14),1),1,TRUE,0)} | EW14: {=_xlfn.IFS($D14="","",AND(EU14=$C14,EV14=$D14),3,($C14-$D14)/MAX(ABS($C14-$D14),1)=(EU14-EV14)/MAX(ABS(EU14-EV14),1),1,TRUE,0)} | EZ14: {=_xlfn.IFS($D14="","",AND(EX14=$C14,EY14=$D14),3,($C14-$D14)/MAX(ABS($C14-$D14),1)=(EX14-EY14)/MAX(ABS(EX14-EY14),1),1,TRUE,0)} | FC14: {=_xlfn.IFS($D14="","",AND(FA14=$C14,FB14=$D14),3,($C14-$D14)/MAX(ABS($C14-$D14),1)=(FA14-FB14)/MAX(ABS(FA14-FB14),1),1,TRUE,0)} | FF14: {=_xlfn.IFS($D14="","",AND(FD14=$C14,FE14=$D14),3,($C14-$D14)/MAX(ABS($C14-$D14),1)=(FD14-FE14)/MAX(ABS(FD14-FE14),1),1,TRUE,0)} | FI14: {=_xlfn.IFS($D14="","",AND(FG14=$C14,FH14=$D14),3,($C14-$D14)/MAX(ABS($C14-$D14),1)=(FG14-FH14)/MAX(ABS(FG14-FH14),1),1,TRUE,0)} | FL14: {=_xlfn.IFS($D14="","",AND(FJ14=$C14,FK14=$D14),3,($C14-$D14)/MAX(ABS($C14-$D14),1)=(FJ14-FK14)/MAX(ABS(FJ14-FK14),1),1,TRUE,0)} | FO14: {=_xlfn.IFS($D14="","",AND(FM14=$C14,FN14=$D14),3,($C14-$D14)/MAX(ABS($C14-$D14),1)=(FM14-FN14)/MAX(ABS(FM14-FN14),1),1,TRUE,0)} | FR14: {=_xlfn.IFS($D14="","",AND(FP14=$C14,FQ14=$D14),3,($C14-$D14)/MAX(ABS($C14-$D14),1)=(FP14-FQ14)/MAX(ABS(FP14-FQ14),1),1,TRUE,0)} | FU14: {=_xlfn.IFS($D14="","",AND(FS14=$C14,FT14=$D14),3,($C14-$D14)/MAX(ABS($C14-$D14),1)=(FS14-FT14)/MAX(ABS(FS14-FT14),1),1,TRUE,0)} | FX14: {=_xlfn.IFS($D14="","",AND(FV14=$C14,FW14=$D14),3,($C14-$D14)/MAX(ABS($C14-$D14),1)=(FV14-FW14)/MAX(ABS(FV14-FW14),1),1,TRUE,0)} | GA14: {=_xlfn.IFS($D14="","",AND(FY14=$C14,FZ14=$D14),3,($C14-$D14)/MAX(ABS($C14-$D14),1)=(FY14-FZ14)/MAX(ABS(FY14-FZ14),1),1,TRUE,0)} | GD14: {=_xlfn.IFS($D14="","",AND(GB14=$C14,GC14=$D14),3,($C14-$D14)/MAX(ABS($C14-$D14),1)=(GB14-GC14)/MAX(ABS(GB14-GC14),1),1,TRUE,0)} | GG14: {=_xlfn.IFS($D14="","",AND(GE14=$C14,GF14=$D14),3,($C14-$D14)/MAX(ABS($C14-$D14),1)=(GE14-GF14)/MAX(ABS(GE14-GF14),1),1,TRUE,0)} | GJ14: {=_xlfn.IFS($D14="","",AND(GH14=$C14,GI14=$D14),3,($C14-$D14)/MAX(ABS($C14-$D14),1)=(GH14-GI14)/MAX(ABS(GH14-GI14),1),1,TRUE,0)} | GM14: {=_xlfn.IFS($D14="","",AND(GK14=$C14,GL14=$D14),3,($C14-$D14)/MAX(ABS($C14-$D14),1)=(GK14-GL14)/MAX(ABS(GK14-GL14),1),1,TRUE,0)} | GP14: {=_xlfn.IFS($D14="","",AND(GN14=$C14,GO14=$D14),3,($C14-$D14)/MAX(ABS($C14-$D14),1)=(GN14-GO14)/MAX(ABS(GN14-GO14),1),1,TRUE,0)} | GS14: {=_xlfn.IFS($D14="","",AND(GQ14=$C14,GR14=$D14),3,($C14-$D14)/MAX(ABS($C14-$D14),1)=(GQ14-GR14)/MAX(ABS(GQ14-GR14),1),1,TRUE,0)} | GV14: {=_xlfn.IFS($D14="","",AND(GT14=$C14,GU14=$D14),3,($C14-$D14)/MAX(ABS($C14-$D14),1)=(GT14-GU14)/MAX(ABS(GT14-GU14),1),1,TRUE,0)} | GY14: {=_xlfn.IFS($D14="","",AND(GW14=$C14,GX14=$D14),3,($C14-$D14)/MAX(ABS($C14-$D14),1)=(GW14-GX14)/MAX(ABS(GW14-GX14),1),1,TRUE,0)} | HB14: {=_xlfn.IFS($D14="","",AND(GZ14=$C14,HA14=$D14),3,($C14-$D14)/MAX(ABS($C14-$D14),1)=(GZ14-HA14)/MAX(ABS(GZ14-HA14),1),1,TRUE,0)} | HE14: {=_xlfn.IFS($D14="","",AND(HC14=$C14,HD14=$D14),3,($C14-$D14)/MAX(ABS($C14-$D14),1)=(HC14-HD14)/MAX(ABS(HC14-HD14),1),1,TRUE,0)} | HH14: {=_xlfn.IFS($D14="","",AND(HF14=$C14,HG14=$D14),3,($C14-$D14)/MAX(ABS($C14-$D14),1)=(HF14-HG14)/MAX(ABS(HF14-HG14),1),1,TRUE,0)} | HK14: {=_xlfn.IFS($D14="","",AND(HI14=$C14,HJ14=$D14),3,($C14-$D14)/MAX(ABS($C14-$D14),1)=(HI14-HJ14)/MAX(ABS(HI14-HJ14),1),1,TRUE,0)} | HN14: {=_xlfn.IFS($D14="","",AND(HL14=$C14,HM14=$D14),3,($C14-$D14)/MAX(ABS($C14-$D14),1)=(HL14-HM14)/MAX(ABS(HL14-HM14),1),1,TRUE,0)} | HQ14: {=_xlfn.IFS($D14="","",AND(HO14=$C14,HP14=$D14),3,($C14-$D14)/MAX(ABS($C14-$D14),1)=(HO14-HP14)/MAX(ABS(HO14-HP14),1),1,TRUE,0)} | HT14: {=_xlfn.IFS($D14="","",AND(HR14=$C14,HS14=$D14),3,($C14-$D14)/MAX(ABS($C14-$D14),1)=(HR14-HS14)/MAX(ABS(HR14-HS14),1),1,TRUE,0)} | HW14: {=_xlfn.IFS($D14="","",AND(HU14=$C14,HV14=$D14),3,($C14-$D14)/MAX(ABS($C14-$D14),1)=(HU14-HV14)/MAX(ABS(HU14-HV14),1),1,TRUE,0)} | HZ14: {=_xlfn.IFS($D14="","",AND(HX14=$C14,HY14=$D14),3,($C14-$D14)/MAX(ABS($C14-$D14),1)=(HX14-HY14)/MAX(ABS(HX14-HY14),1),1,TRUE,0)} | IC14: {=_xlfn.IFS($D14="","",AND(IA14=$C14,IB14=$D14),3,($C14-$D14)/MAX(ABS($C14-$D14),1)=(IA14-IB14)/MAX(ABS(IA14-IB14),1),1,TRUE,0)} | IF14: {=_xlfn.IFS($D14="","",AND(ID14=$C14,IE14=$D14),3,($C14-$D14)/MAX(ABS($C14-$D14),1)=(ID14-IE14)/MAX(ABS(ID14-IE14),1),1,TRUE,0)} | II14: {=_xlfn.IFS($D14="","",AND(IG14=$C14,IH14=$D14),3,($C14-$D14)/MAX(ABS($C14-$D14),1)=(IG14-IH14)/MAX(ABS(IG14-IH14),1),1,TRUE,0)} | IL14: {=_xlfn.IFS($D14="","",AND(IJ14=$C14,IK14=$D14),3,($C14-$D14)/MAX(ABS($C14-$D14),1)=(IJ14-IK14)/MAX(ABS(IJ14-IK14),1),1,TRUE,0)} | IO14: {=_xlfn.IFS($D14="","",AND(IM14=$C14,IN14=$D14),3,($C14-$D14)/MAX(ABS($C14-$D14),1)=(IM14-IN14)/MAX(ABS(IM14-IN14),1),1,TRUE,0)} | IR14: {=_xlfn.IFS($D14="","",AND(IP14=$C14,IQ14=$D14),3,($C14-$D14)/MAX(ABS($C14-$D14),1)=(IP14-IQ14)/MAX(ABS(IP14-IQ14),1),1,TRUE,0)} | IU14: {=_xlfn.IFS($D14="","",AND(IS14=$C14,IT14=$D14),3,($C14-$D14)/MAX(ABS($C14-$D14),1)=(IS14-IT14)/MAX(ABS(IS14-IT14),1),1,TRUE,0)} | IX14: {=_xlfn.IFS($D14="","",AND(IV14=$C14,IW14=$D14),3,($C14-$D14)/MAX(ABS($C14-$D14),1)=(IV14-IW14)/MAX(ABS(IV14-IW14),1),1,TRUE,0)} | JA14: {=_xlfn.IFS($D14="","",AND(IY14=$C14,IZ14=$D14),3,($C14-$D14)/MAX(ABS($C14-$D14),1)=(IY14-IZ14)/MAX(ABS(IY14-IZ14),1),1,TRUE,0)} | JD14: {=_xlfn.IFS($D14="","",AND(JB14=$C14,JC14=$D14),3,($C14-$D14)/MAX(ABS($C14-$D14),1)=(JB14-JC14)/MAX(ABS(JB14-JC14),1),1,TRUE,0)}
... A74: 46201 | B74: Jordan | C74: {=_xlfn.LET( _xlpm.x,_xlfn.XLOOKUP(1,(Scores_Fixtures[Date]=A74)*(Scores_Fixtures[Home.1]=B74),Scores_Fixtures[Score.1],""), IF(_xlpm.x="","",_xlpm.x) )} | D74: {=_xlfn.LET( _xlpm.x,_xlfn.XLOOKUP(1,(Scores_Fixtures[Date]=A74)*(Scores_Fixtures[Home.1]=B74),Scores_Fixtures[Score.2],""), IF(_xlpm.x="","",_xlpm.x) )} | E74: Argentina | I74: {=_xlfn.IFS($D74="","",AND(G74=$C74,H74=$D74),3,($C74-$D74)/MAX(ABS($C74-$D74),1)=(G74-H74)/MAX(ABS(G74-H74),1),1,TRUE,0)} | L74: {=_xlfn.IFS($D74="","",AND(J74=$C74,K74=$D74),3,($C74-$D74)/MAX(ABS($C74-$D74),1)=(J74-K74)/MAX(ABS(J74-K74),1),1,TRUE,0)} | O74: {=_xlfn.IFS($D74="","",AND(M74=$C74,N74=$D74),3,($C74-$D74)/MAX(ABS($C74-$D74),1)=(M74-N74)/MAX(ABS(M74-N74),1),1,TRUE,0)} | R74: {=_xlfn.IFS($D74="","",AND(P74=$C74,Q74=$D74),3,($C74-$D74)/MAX(ABS($C74-$D74),1)=(P74-Q74)/MAX(ABS(P74-Q74),1),1,TRUE,0)} | U74: {=_xlfn.IFS($D74="","",AND(S74=$C74,T74=$D74),3,($C74-$D74)/MAX(ABS($C74-$D74),1)=(S74-T74)/MAX(ABS(S74-T74),1),1,TRUE,0)} | X74: {=_xlfn.IFS($D74="","",AND(V74=$C74,W74=$D74),3,($C74-$D74)/MAX(ABS($C74-$D74),1)=(V74-W74)/MAX(ABS(V74-W74),1),1,TRUE,0)} | AA74: {=_xlfn.IFS($D74="","",AND(Y74=$C74,Z74=$D74),3,($C74-$D74)/MAX(ABS($C74-$D74),1)=(Y74-Z74)/MAX(ABS(Y74-Z74),1),1,TRUE,0)} | AD74: {=_xlfn.IFS($D74="","",AND(AB74=$C74,AC74=$D74),3,($C74-$D74)/MAX(ABS($C74-$D74),1)=(AB74-AC74)/MAX(ABS(AB74-AC74),1),1,TRUE,0)} | AG74: {=_xlfn.IFS($D74="","",AND(AE74=$C74,AF74=$D74),3,($C74-$D74)/MAX(ABS($C74-$D74),1)=(AE74-AF74)/MAX(ABS(AE74-AF74),1),1,TRUE,0)} | AJ74: {=_xlfn.IFS($D74="","",AND(AH74=$C74,AI74=$D74),3,($C74-$D74)/MAX(ABS($C74-$D74),1)=(AH74-AI74)/MAX(ABS(AH74-AI74),1),1,TRUE,0)} | AM74: {=_xlfn.IFS($D74="","",AND(AK74=$C74,AL74=$D74),3,($C74-$D74)/MAX(ABS($C74-$D74),1)=(AK74-AL74)/MAX(ABS(AK74-AL74),1),1,TRUE,0)} | AP74: {=_xlfn.IFS($D74="","",AND(AN74=$C74,AO74=$D74),3,($C74-$D74)/MAX(ABS($C74-$D74),1)=(AN74-AO74)/MAX(ABS(AN74-AO74),1),1,TRUE,0)} | AS74: {=_xlfn.IFS($D74="","",AND(AQ74=$C74,AR74=$D74),3,($C74-$D74)/MAX(ABS($C74-$D74),1)=(AQ74-AR74)/MAX(ABS(AQ74-AR74),1),1,TRUE,0)} | AV74: {=_xlfn.IFS($D74="","",AND(AT74=$C74,AU74=$D74),3,($C74-$D74)/MAX(ABS($C74-$D74),1)=(AT74-AU74)/MAX(ABS(AT74-AU74),1),1,TRUE,0)} | AY74: {=_xlfn.IFS($D74="","",AND(AW74=$C74,AX74=$D74),3,($C74-$D74)/MAX(ABS($C74-$D74),1)=(AW74-AX74)/MAX(ABS(AW74-AX74),1),1,TRUE,0)} | BB74: {=_xlfn.IFS($D74="","",AND(AZ74=$C74,BA74=$D74),3,($C74-$D74)/MAX(ABS($C74-$D74),1)=(AZ74-BA74)/MAX(ABS(AZ74-BA74),1),1,TRUE,0)} | BE74: {=_xlfn.IFS($D74="","",AND(BC74=$C74,BD74=$D74),3,($C74-$D74)/MAX(ABS($C74-$D74),1)=(BC74-BD74)/MAX(ABS(BC74-BD74),1),1,TRUE,0)} | BH74: {=_xlfn.IFS($D74="","",AND(BF74=$C74,BG74=$D74),3,($C74-$D74)/MAX(ABS($C74-$D74),1)=(BF74-BG74)/MAX(ABS(BF74-BG74),1),1,TRUE,0)} | BK74: {=_xlfn.IFS($D74="","",AND(BI74=$C74,BJ74=$D74),3,($C74-$D74)/MAX(ABS($C74-$D74),1)=(BI74-BJ74)/MAX(ABS(BI74-BJ74),1),1,TRUE,0)} | BN74: {=_xlfn.IFS($D74="","",AND(BL74=$C74,BM74=$D74),3,($C74-$D74)/MAX(ABS($C74-$D74),1)=(BL74-BM74)/MAX(ABS(BL74-BM74),1),1,TRUE,0)} | BQ74: {=_xlfn.IFS($D74="","",AND(BO74=$C74,BP74=$D74),3,($C74-$D74)/MAX(ABS($C74-$D74),1)=(BO74-BP74)/MAX(ABS(BO74-BP74),1),1,TRUE,0)} | BT74: {=_xlfn.IFS($D74="","",AND(BR74=$C74,BS74=$D74),3,($C74-$D74)/MAX(ABS($C74-$D74),1)=(BR74-BS74)/MAX(ABS(BR74-BS74),1),1,TRUE,0)} | BW74: {=_xlfn.IFS($D74="","",AND(BU74=$C74,BV74=$D74),3,($C74-$D74)/MAX(ABS($C74-$D74),1)=(BU74-BV74)/MAX(ABS(BU74-BV74),1),1,TRUE,0)} | BZ74: {=_xlfn.IFS($D74="","",AND(BX74=$C74,BY74=$D74),3,($C74-$D74)/MAX(ABS($C74-$D74),1)=(BX74-BY74)/MAX(ABS(BX74-BY74),1),1,TRUE,0)} | CC74: {=_xlfn.IFS($D74="","",AND(CA74=$C74,CB74=$D74),3,($C74-$D74)/MAX(ABS($C74-$D74),1)=(CA74-CB74)/MAX(ABS(CA74-CB74),1),1,TRUE,0)} | CF74: {=_xlfn.IFS($D74="","",AND(CD74=$C74,CE74=$D74),3,($C74-$D74)/MAX(ABS($C74-$D74),1)=(CD74-CE74)/MAX(ABS(CD74-CE74),1),1,TRUE,0)} | CI74: {=_xlfn.IFS($D74="","",AND(CG74=$C74,CH74=$D74),3,($C74-$D74)/MAX(ABS($C74-$D74),1)=(CG74-CH74)/MAX(ABS(CG74-CH74),1),1,TRUE,0)} | CL74: {=_xlfn.IFS($D74="","",AND(CJ74=$C74,CK74=$D74),3,($C74-$D74)/MAX(ABS($C74-$D74),1)=(CJ74-CK74)/MAX(ABS(CJ74-CK74),1),1,TRUE,0)} | CO74: {=_xlfn.IFS($D74="","",AND(CM74=$C74,CN74=$D74),3,($C74-$D74)/MAX(ABS($C74-$D74),1)=(CM74-CN74)/MAX(ABS(CM74-CN74),1),1,TRUE,0)} | CR74: {=_xlfn.IFS($D74="","",AND(CP74=$C74,CQ74=$D74),3,($C74-$D74)/MAX(ABS($C74-$D74),1)=(CP74-CQ74)/MAX(ABS(CP74-CQ74),1),1,TRUE,0)} | CU74: {=_xlfn.IFS($D74="","",AND(CS74=$C74,CT74=$D74),3,($C74-$D74)/MAX(ABS($C74-$D74),1)=(CS74-CT74)/MAX(ABS(CS74-CT74),1),1,TRUE,0)} | CX74: {=_xlfn.IFS($D74="","",AND(CV74=$C74,CW74=$D74),3,($C74-$D74)/MAX(ABS($C74-$D74),1)=(CV74-CW74)/MAX(ABS(CV74-CW74),1),1,TRUE,0)} | DA74: {=_xlfn.IFS($D74="","",AND(CY74=$C74,CZ74=$D74),3,($C74-$D74)/MAX(ABS($C74-$D74),1)=(CY74-CZ74)/MAX(ABS(CY74-CZ74),1),1,TRUE,0)} | DD74: {=_xlfn.IFS($D74="","",AND(DB74=$C74,DC74=$D74),3,($C74-$D74)/MAX(ABS($C74-$D74),1)=(DB74-DC74)/MAX(ABS(DB74-DC74),1),1,TRUE,0)} | DG74: {=_xlfn.IFS($D74="","",AND(DE74=$C74,DF74=$D74),3,($C74-$D74)/MAX(ABS($C74-$D74),1)=(DE74-DF74)/MAX(ABS(DE74-DF74),1),1,TRUE,0)} | DJ74: {=_xlfn.IFS($D74="","",AND(DH74=$C74,DI74=$D74),3,($C74-$D74)/MAX(ABS($C74-$D74),1)=(DH74-DI74)/MAX(ABS(DH74-DI74),1),1,TRUE,0)} | DM74: {=_xlfn.IFS($D74="","",AND(DK74=$C74,DL74=$D74),3,($C74-$D74)/MAX(ABS($C74-$D74),1)=(DK74-DL74)/MAX(ABS(DK74-DL74),1),1,TRUE,0)} | DP74: {=_xlfn.IFS($D74="","",AND(DN74=$C74,DO74=$D74),3,($C74-$D74)/MAX(ABS($C74-$D74),1)=(DN74-DO74)/MAX(ABS(DN74-DO74),1),1,TRUE,0)} | DS74: {=_xlfn.IFS($D74="","",AND(DQ74=$C74,DR74=$D74),3,($C74-$D74)/MAX(ABS($C74-$D74),1)=(DQ74-DR74)/MAX(ABS(DQ74-DR74),1),1,TRUE,0)} | DV74: {=_xlfn.IFS($D74="","",AND(DT74=$C74,DU74=$D74),3,($C74-$D74)/MAX(ABS($C74-$D74),1)=(DT74-DU74)/MAX(ABS(DT74-DU74),1),1,TRUE,0)} | DY74: {=_xlfn.IFS($D74="","",AND(DW74=$C74,DX74=$D74),3,($C74-$D74)/MAX(ABS($C74-$D74),1)=(DW74-DX74)/MAX(ABS(DW74-DX74),1),1,TRUE,0)} | EB74: {=_xlfn.IFS($D74="","",AND(DZ74=$C74,EA74=$D74),3,($C74-$D74)/MAX(ABS($C74-$D74),1)=(DZ74-EA74)/MAX(ABS(DZ74-EA74),1),1,TRUE,0)} | EE74: {=_xlfn.IFS($D74="","",AND(EC74=$C74,ED74=$D74),3,($C74-$D74)/MAX(ABS($C74-$D74),1)=(EC74-ED74)/MAX(ABS(EC74-ED74),1),1,TRUE,0)} | EH74: {=_xlfn.IFS($D74="","",AND(EF74=$C74,EG74=$D74),3,($C74-$D74)/MAX(ABS($C74-$D74),1)=(EF74-EG74)/MAX(ABS(EF74-EG74),1),1,TRUE,0)} | EK74: {=_xlfn.IFS($D74="","",AND(EI74=$C74,EJ74=$D74),3,($C74-$D74)/MAX(ABS($C74-$D74),1)=(EI74-EJ74)/MAX(ABS(EI74-EJ74),1),1,TRUE,0)} | EN74: {=_xlfn.IFS($D74="","",AND(EL74=$C74,EM74=$D74),3,($C74-$D74)/MAX(ABS($C74-$D74),1)=(EL74-EM74)/MAX(ABS(EL74-EM74),1),1,TRUE,0)} | EQ74: {=_xlfn.IFS($D74="","",AND(EO74=$C74,EP74=$D74),3,($C74-$D74)/MAX(ABS($C74-$D74),1)=(EO74-EP74)/MAX(ABS(EO74-EP74),1),1,TRUE,0)} | ET74: {=_xlfn.IFS($D74="","",AND(ER74=$C74,ES74=$D74),3,($C74-$D74)/MAX(ABS($C74-$D74),1)=(ER74-ES74)/MAX(ABS(ER74-ES74),1),1,TRUE,0)} | EW74: {=_xlfn.IFS($D74="","",AND(EU74=$C74,EV74=$D74),3,($C74-$D74)/MAX(ABS($C74-$D74),1)=(EU74-EV74)/MAX(ABS(EU74-EV74),1),1,TRUE,0)} | EZ74: {=_xlfn.IFS($D74="","",AND(EX74=$C74,EY74=$D74),3,($C74-$D74)/MAX(ABS($C74-$D74),1)=(EX74-EY74)/MAX(ABS(EX74-EY74),1),1,TRUE,0)} | FC74: {=_xlfn.IFS($D74="","",AND(FA74=$C74,FB74=$D74),3,($C74-$D74)/MAX(ABS($C74-$D74),1)=(FA74-FB74)/MAX(ABS(FA74-FB74),1),1,TRUE,0)} | FF74: {=_xlfn.IFS($D74="","",AND(FD74=$C74,FE74=$D74),3,($C74-$D74)/MAX(ABS($C74-$D74),1)=(FD74-FE74)/MAX(ABS(FD74-FE74),1),1,TRUE,0)} | FI74: {=_xlfn.IFS($D74="","",AND(FG74=$C74,FH74=$D74),3,($C74-$D74)/MAX(ABS($C74-$D74),1)=(FG74-FH74)/MAX(ABS(FG74-FH74),1),1,TRUE,0)} | FL74: {=_xlfn.IFS($D74="","",AND(FJ74=$C74,FK74=$D74),3,($C74-$D74)/MAX(ABS($C74-$D74),1)=(FJ74-FK74)/MAX(ABS(FJ74-FK74),1),1,TRUE,0)} | FO74: {=_xlfn.IFS($D74="","",AND(FM74=$C74,FN74=$D74),3,($C74-$D74)/MAX(ABS($C74-$D74),1)=(FM74-FN74)/MAX(ABS(FM74-FN74),1),1,TRUE,0)} | FR74: {=_xlfn.IFS($D74="","",AND(FP74=$C74,FQ74=$D74),3,($C74-$D74)/MAX(ABS($C74-$D74),1)=(FP74-FQ74)/MAX(ABS(FP74-FQ74),1),1,TRUE,0)} | FU74: {=_xlfn.IFS($D74="","",AND(FS74=$C74,FT74=$D74),3,($C74-$D74)/MAX(ABS($C74-$D74),1)=(FS74-FT74)/MAX(ABS(FS74-FT74),1),1,TRUE,0)} | FX74: {=_xlfn.IFS($D74="","",AND(FV74=$C74,FW74=$D74),3,($C74-$D74)/MAX(ABS($C74-$D74),1)=(FV74-FW74)/MAX(ABS(FV74-FW74),1),1,TRUE,0)} | GA74: {=_xlfn.IFS($D74="","",AND(FY74=$C74,FZ74=$D74),3,($C74-$D74)/MAX(ABS($C74-$D74),1)=(FY74-FZ74)/MAX(ABS(FY74-FZ74),1),1,TRUE,0)} | GD74: {=_xlfn.IFS($D74="","",AND(GB74=$C74,GC74=$D74),3,($C74-$D74)/MAX(ABS($C74-$D74),1)=(GB74-GC74)/MAX(ABS(GB74-GC74),1),1,TRUE,0)} | GG74: {=_xlfn.IFS($D74="","",AND(GE74=$C74,GF74=$D74),3,($C74-$D74)/MAX(ABS($C74-$D74),1)=(GE74-GF74)/MAX(ABS(GE74-GF74),1),1,TRUE,0)} | GJ74: {=_xlfn.IFS($D74="","",AND(GH74=$C74,GI74=$D74),3,($C74-$D74)/MAX(ABS($C74-$D74),1)=(GH74-GI74)/MAX(ABS(GH74-GI74),1),1,TRUE,0)} | GM74: {=_xlfn.IFS($D74="","",AND(GK74=$C74,GL74=$D74),3,($C74-$D74)/MAX(ABS($C74-$D74),1)=(GK74-GL74)/MAX(ABS(GK74-GL74),1),1,TRUE,0)} | GP74: {=_xlfn.IFS($D74="","",AND(GN74=$C74,GO74=$D74),3,($C74-$D74)/MAX(ABS($C74-$D74),1)=(GN74-GO74)/MAX(ABS(GN74-GO74),1),1,TRUE,0)} | GS74: {=_xlfn.IFS($D74="","",AND(GQ74=$C74,GR74=$D74),3,($C74-$D74)/MAX(ABS($C74-$D74),1)=(GQ74-GR74)/MAX(ABS(GQ74-GR74),1),1,TRUE,0)} | GV74: {=_xlfn.IFS($D74="","",AND(GT74=$C74,GU74=$D74),3,($C74-$D74)/MAX(ABS($C74-$D74),1)=(GT74-GU74)/MAX(ABS(GT74-GU74),1),1,TRUE,0)} | GY74: {=_xlfn.IFS($D74="","",AND(GW74=$C74,GX74=$D74),3,($C74-$D74)/MAX(ABS($C74-$D74),1)=(GW74-GX74)/MAX(ABS(GW74-GX74),1),1,TRUE,0)} | HB74: {=_xlfn.IFS($D74="","",AND(GZ74=$C74,HA74=$D74),3,($C74-$D74)/MAX(ABS($C74-$D74),1)=(GZ74-HA74)/MAX(ABS(GZ74-HA74),1),1,TRUE,0)} | HE74: {=_xlfn.IFS($D74="","",AND(HC74=$C74,HD74=$D74),3,($C74-$D74)/MAX(ABS($C74-$D74),1)=(HC74-HD74)/MAX(ABS(HC74-HD74),1),1,TRUE,0)} | HH74: {=_xlfn.IFS($D74="","",AND(HF74=$C74,HG74=$D74),3,($C74-$D74)/MAX(ABS($C74-$D74),1)=(HF74-HG74)/MAX(ABS(HF74-HG74),1),1,TRUE,0)} | HK74: {=_xlfn.IFS($D74="","",AND(HI74=$C74,HJ74=$D74),3,($C74-$D74)/MAX(ABS($C74-$D74),1)=(HI74-HJ74)/MAX(ABS(HI74-HJ74),1),1,TRUE,0)} | HN74: {=_xlfn.IFS($D74="","",AND(HL74=$C74,HM74=$D74),3,($C74-$D74)/MAX(ABS($C74-$D74),1)=(HL74-HM74)/MAX(ABS(HL74-HM74),1),1,TRUE,0)} | HQ74: {=_xlfn.IFS($D74="","",AND(HO74=$C74,HP74=$D74),3,($C74-$D74)/MAX(ABS($C74-$D74),1)=(HO74-HP74)/MAX(ABS(HO74-HP74),1),1,TRUE,0)} | HT74: {=_xlfn.IFS($D74="","",AND(HR74=$C74,HS74=$D74),3,($C74-$D74)/MAX(ABS($C74-$D74),1)=(HR74-HS74)/MAX(ABS(HR74-HS74),1),1,TRUE,0)} | HW74: {=_xlfn.IFS($D74="","",AND(HU74=$C74,HV74=$D74),3,($C74-$D74)/MAX(ABS($C74-$D74),1)=(HU74-HV74)/MAX(ABS(HU74-HV74),1),1,TRUE,0)} | HZ74: {=_xlfn.IFS($D74="","",AND(HX74=$C74,HY74=$D74),3,($C74-$D74)/MAX(ABS($C74-$D74),1)=(HX74-HY74)/MAX(ABS(HX74-HY74),1),1,TRUE,0)} | IC74: {=_xlfn.IFS($D74="","",AND(IA74=$C74,IB74=$D74),3,($C74-$D74)/MAX(ABS($C74-$D74),1)=(IA74-IB74)/MAX(ABS(IA74-IB74),1),1,TRUE,0)} | IF74: {=_xlfn.IFS($D74="","",AND(ID74=$C74,IE74=$D74),3,($C74-$D74)/MAX(ABS($C74-$D74),1)=(ID74-IE74)/MAX(ABS(ID74-IE74),1),1,TRUE,0)} | II74: {=_xlfn.IFS($D74="","",AND(IG74=$C74,IH74=$D74),3,($C74-$D74)/MAX(ABS($C74-$D74),1)=(IG74-IH74)/MAX(ABS(IG74-IH74),1),1,TRUE,0)} | IL74: {=_xlfn.IFS($D74="","",AND(IJ74=$C74,IK74=$D74),3,($C74-$D74)/MAX(ABS($C74-$D74),1)=(IJ74-IK74)/MAX(ABS(IJ74-IK74),1),1,TRUE,0)} | IO74: {=_xlfn.IFS($D74="","",AND(IM74=$C74,IN74=$D74),3,($C74-$D74)/MAX(ABS($C74-$D74),1)=(IM74-IN74)/MAX(ABS(IM74-IN74),1),1,TRUE,0)} | IR74: {=_xlfn.IFS($D74="","",AND(IP74=$C74,IQ74=$D74),3,($C74-$D74)/MAX(ABS($C74-$D74),1)=(IP74-IQ74)/MAX(ABS(IP74-IQ74),1),1,TRUE,0)} | IU74: {=_xlfn.IFS($D74="","",AND(IS74=$C74,IT74=$D74),3,($C74-$D74)/MAX(ABS($C74-$D74),1)=(IS74-IT74)/MAX(ABS(IS74-IT74),1),1,TRUE,0)} | IX74: {=_xlfn.IFS($D74="","",AND(IV74=$C74,IW74=$D74),3,($C74-$D74)/MAX(ABS($C74-$D74),1)=(IV74-IW74)/MAX(ABS(IV74-IW74),1),1,TRUE,0)} | JA74: {=_xlfn.IFS($D74="","",AND(IY74=$C74,IZ74=$D74),3,($C74-$D74)/MAX(ABS($C74-$D74),1)=(IY74-IZ74)/MAX(ABS(IY74-IZ74),1),1,TRUE,0)} | JD74: {=_xlfn.IFS($D74="","",AND(JB74=$C74,JC74=$D74),3,($C74-$D74)/MAX(ABS($C74-$D74),1)=(JB74-JC74)/MAX(ABS(JB74-JC74),1),1,TRUE,0)}
H75: TOTAL | I75: =SUM(I3:I74) -> 0 | K75: TOTAL | L75: =SUM(L3:L74) -> 0 | N75: TOTAL | O75: =SUM(O3:O74) -> 0 | Q75: TOTAL | R75: =SUM(R3:R74) -> 0 | T75: TOTAL | U75: =SUM(U3:U74) -> 0 | W75: TOTAL | X75: =SUM(X3:X74) -> 0 | Z75: TOTAL | AA75: =SUM(AA3:AA74) -> 0 | AC75: TOTAL | AD75: =SUM(AD3:AD74) -> 0 | AF75: TOTAL | AG75: =SUM(AG3:AG74) -> 0 | AI75: TOTAL | AJ75: =SUM(AJ3:AJ74) -> 0 | AL75: TOTAL | AM75: =SUM(AM3:AM74) -> 0 | AO75: TOTAL | AP75: =SUM(AP3:AP74) -> 0 | AR75: TOTAL | AS75: =SUM(AS3:AS74) -> 0 | AU75: TOTAL | AV75: =SUM(AV3:AV74) -> 0 | AX75: TOTAL | AY75: =SUM(AY3:AY74) -> 0 | BA75: TOTAL | BB75: =SUM(BB3:BB74) -> 0 | BD75: TOTAL | BE75: =SUM(BE3:BE74) -> 0 | BG75: TOTAL | BH75: =SUM(BH3:BH74) -> 0 | BJ75: TOTAL | BK75: =SUM(BK3:BK74) -> 0 | BM75: TOTAL | BN75: =SUM(BN3:BN74) -> 0 | BP75: TOTAL | BQ75: =SUM(BQ3:BQ74) -> 0 | BS75: TOTAL | BT75: =SUM(BT3:BT74) -> 0 | BV75: TOTAL | BW75: =SUM(BW3:BW74) -> 0 | BY75: TOTAL | BZ75: =SUM(BZ3:BZ74) -> 0 | CB75: TOTAL | CC75: =SUM(CC3:CC74) -> 0 | CE75: TOTAL | CF75: =SUM(CF3:CF74) -> 0 | CH75: TOTAL | CI75: =SUM(CI3:CI74) -> 0 | CK75: TOTAL | CL75: =SUM(CL3:CL74) -> 0 | CN75: TOTAL | CO75: =SUM(CO3:CO74) -> 0 | CQ75: TOTAL | CR75: =SUM(CR3:CR74) -> 0 | CT75: TOTAL | CU75: =SUM(CU3:CU74) -> 0 | CW75: TOTAL | CX75: =SUM(CX3:CX74) -> 0 | CZ75: TOTAL | DA75: =SUM(DA3:DA74) -> 0 | DC75: TOTAL | DD75: =SUM(DD3:DD74) -> 0 | DF75: TOTAL | DG75: =SUM(DG3:DG74) -> 0 | DI75: TOTAL | DJ75: =SUM(DJ3:DJ74) -> 0 | DL75: TOTAL | DM75: =SUM(DM3:DM74) -> 0 | DO75: TOTAL | DP75: =SUM(DP3:DP74) -> 0 | DR75: TOTAL | DS75: =SUM(DS3:DS74) -> 0 | DU75: TOTAL | DV75: =SUM(DV3:DV74) -> 0 | DX75: TOTAL | DY75: =SUM(DY3:DY74) -> 0 | EA75: TOTAL | EB75: =SUM(EB3:EB74) -> 0 | ED75: TOTAL | EE75: =SUM(EE3:EE74) -> 0 | EG75: TOTAL | EH75: =SUM(EH3:EH74) -> 0 | EJ75: TOTAL | EK75: =SUM(EK3:EK74) -> 0 | EM75: TOTAL | EN75: =SUM(EN3:EN74) -> 0 | EP75: TOTAL | EQ75: =SUM(EQ3:EQ74) -> 0 | ES75: TOTAL | ET75: =SUM(ET3:ET74) -> 0 | EV75: TOTAL | EW75: =SUM(EW3:EW74) -> 0 | EY75: TOTAL | EZ75: =SUM(EZ3:EZ74) -> 0 | FB75: TOTAL | FC75: =SUM(FC3:FC74) -> 0 | FE75: TOTAL | FF75: =SUM(FF3:FF74) -> 0 | FH75: TOTAL | FI75: =SUM(FI3:FI74) -> 0 | FK75: TOTAL | FL75: =SUM(FL3:FL74) -> 0 | FN75: TOTAL | FO75: =SUM(FO3:FO74) -> 0 | FQ75: TOTAL | FR75: =SUM(FR3:FR74) -> 0 | FT75: TOTAL | FU75: =SUM(FU3:FU74) -> 0 | FW75: TOTAL | FX75: =SUM(FX3:FX74) -> 0 | FZ75: TOTAL | GA75: =SUM(GA3:GA74) -> 0 | GC75: TOTAL | GD75: =SUM(GD3:GD74) -> 0 | GF75: TOTAL | GG75: =SUM(GG3:GG74) -> 0 | GI75: TOTAL | GJ75: =SUM(GJ3:GJ74) -> 0 | GL75: TOTAL | GM75: =SUM(GM3:GM74) -> 0 | GO75: TOTAL | GP75: =SUM(GP3:GP74) -> 0 | GR75: TOTAL | GS75: =SUM(GS3:GS74) -> 0 | GU75: TOTAL | GV75: =SUM(GV3:GV74) -> 0 | GX75: TOTAL | GY75: =SUM(GY3:GY74) -> 0 | HA75: TOTAL | HB75: =SUM(HB3:HB74) -> 0 | HD75: TOTAL | HE75: =SUM(HE3:HE74) -> 0 | HG75: TOTAL | HH75: =SUM(HH3:HH74) -> 0 | HJ75: TOTAL | HK75: =SUM(HK3:HK74) -> 0 | HM75: TOTAL | HN75: =SUM(HN3:HN74) -> 0 | HP75: TOTAL | HQ75: =SUM(HQ3:HQ74) -> 0 | HS75: TOTAL | HT75: =SUM(HT3:HT74) -> 0 | HV75: TOTAL | HW75: =SUM(HW3:HW74) -> 0 | HY75: TOTAL | HZ75: =SUM(HZ3:HZ74) -> 0 | IB75: TOTAL | IC75: =SUM(IC3:IC74) -> 0 | IE75: TOTAL | IF75: =SUM(IF3:IF74) -> 0 | IH75: TOTAL | II75: =SUM(II3:II74) -> 0 | IK75: TOTAL | IL75: =SUM(IL3:IL74) -> 0 | IN75: TOTAL | IO75: =SUM(IO3:IO74) -> 0 | IQ75: TOTAL | IR75: =SUM(IR3:IR74) -> 0 | IT75: TOTAL | IU75: =SUM(IU3:IU74) -> 0 | IW75: TOTAL | IX75: =SUM(IX3:IX74) -> 0 | IZ75: TOTAL | JA75: =SUM(JA3:JA74) -> 0 | JC75: TOTAL | JD75: =SUM(JD3:JD74) -> 0
A76: Date | I76: =G1 -> Name | L76: =J1 -> Name | O76: =M1 -> Name | R76: =P1 -> Name | U76: =S1 -> Name | X76: =V1 -> Name | AA76: =Y1 -> Name | AD76: =AB1 -> Name | AG76: =AE1 -> Name | AJ76: =AH1 -> Name | AM76: =AK1 -> Name | AP76: =AN1 -> Name | AS76: =AQ1 -> Name | AV76: =AT1 -> Name | AY76: =AW1 -> Name | BB76: =AZ1 -> Name | BE76: =BC1 -> Name | BH76: =BF1 -> Name | BK76: =BI1 -> Name | BN76: =BL1 -> Name | BQ76: =BO1 -> Name | BT76: =BR1 -> Name | BW76: =BU1 -> Name | BZ76: =BX1 -> Name | CC76: =CA1 -> Name | CF76: =CD1 -> Name | CI76: =CG1 -> Name | CL76: =CJ1 -> Name | CO76: =CM1 -> Name | CR76: =CP1 -> Name | CU76: =CS1 -> Name | CX76: =CV1 -> Name | DA76: =CY1 -> Name | DD76: =DB1 -> Name | DG76: =DE1 -> Name | DJ76: =DH1 -> Name | DM76: =DK1 -> Name | DP76: =DN1 -> Name | DS76: =DQ1 -> Name | DV76: =DT1 -> Name | DY76: =DW1 -> Name | EB76: =DZ1 -> Name | EE76: =EC1 -> Name | EH76: =EF1 -> Name | EK76: =EI1 -> Name | EN76: =EL1 -> Name | EQ76: =EO1 -> Name | ET76: =ER1 -> Name | EW76: =EU1 -> Name | EZ76: =EX1 -> Name | FC76: =FA1 -> Name | FF76: =FD1 -> Name | FI76: =FG1 -> Name | FL76: =FJ1 -> Name | FO76: =FM1 -> Name | FR76: =FP1 -> Name | FU76: =FS1 -> Name | FX76: =FV1 -> Name | GA76: =FY1 -> Name | GD76: =GB1 -> Name | GG76: =GE1 -> Name | GJ76: =GH1 -> Name | GM76: =GK1 -> Name | GP76: =GN1 -> Name | GS76: =GQ1 -> Name | GV76: =GT1 -> Name | GY76: =GW1 -> Name | HB76: =GZ1 -> Name | HE76: =HC1 -> Name | HH76: =HF1 -> Name | HK76: =HI1 -> Name | HN76: =HL1 -> Name | HQ76: =HO1 -> Name | HT76: =HR1 -> Name | HW76: =HU1 -> Name | HZ76: =HX1 -> Name | IC76: =IA1 -> Name | IF76: =ID1 -> Name | II76: =IG1 -> Name | IL76: =IJ1 -> Name | IO76: =IM1 -> Name | IR76: =IP1 -> Name | IU76: =IS1 -> Name | IX76: =IV1 -> Name | JA76: =IY1 -> Name | JD76: =JB1 -> Name

Sheet Scores & Fixtures
A1: Round | B1: Date | C1: Home.1 | D1: Score.1 | E1: Score.2 | F1: Away.2
A2: Group stage | B2: 46184 | C2: Mexico | F2: South Africa
A3: Group stage | B3: 46185 | C3: Rep. of Korea | F3: Czechia
A4: Group stage | B4: 46185 | C4: Canada | F4: Bosnia Herzeg.
A5: Group stage | B5: 46186 | C5: USA | F5: Paraguay
A6: Group stage | B6: 46186 | C6: Qatar | F6: Switzerland
A7: Group stage | B7: 46187 | C7: Brazil | F7: Morocco
A8: Group stage | B8: 46187 | C8: Haiti | F8: Scotland
A9: Group stage | B9: 46187 | C9: Australia | F9: Turkey
A10: Group stage | B10: 46187 | C10: Germany | F10: Curacao
A11: Group stage | B11: 46187 | C11: Netherlands | F11: Japan
A12: Group stage | B12: 46188 | C12: Ivory Coast | F12: Ecuador
A13: Group stage | B13: 46188 | C13: Sweden | F13: Tunisia
... A73: Group stage | B73: 46201 | C73: Jordan | F73: Argentina

Sheet Template
A1: Date | B1: Team 1 | C1: Prediction | E1: Team 2
A2: 46184 | B2: Mexico | E2: South Africa
A3: 46185 | B3: Rep. of Korea | E3: Czechia | G3: Rules
A4: 46185 | B4: Canada | E4: Bosnia Herzeg. | G4: Correct Score & Result | H4: 3 points
A5: 46186 | B5: USA | E5: Paraguay | G5: Correct Result | H5: 1 point
A6: 46186 | B6: Qatar | E6: Switzerland
A7: 46187 | B7: Brazil | E7: Morocco
A8: 46187 | B8: Haiti | E8: Scotland
A9: 46187 | B9: Australia | E9: Turkey
A10: 46187 | B10: Germany | E10: Curacao
A11: 46187 | B11: Netherlands | E11: Japan
A12: 46188 | B12: Ivory Coast | E12: Ecuador
A13: 46188 | B13: Sweden | E13: Tunisia
A14: 46188 | B14: Spain | E14: Cape Verde
A15: 46188 | B15: Belgium | E15: Egypt
A16: 46189 | B16: Saudi Arabia | E16: Uruguay
A17: 46189 | B17: Iran | E17: New Zealand
... A73: 46201 | B73: Jordan | E73: Argentina
